Date,Word,Clue,Primary Cluster,Cluster,ends in question,number words,length of clue,no alphabet characters,is quote,contains underscore,contains asterisk,contains done,number of non-consecutive periods in clue,is ellipsis in clue,avg word length,number commas in clue,percentage words (other than first word) that are upper-case,number non a-z or 1-9 characters in clue,contains e.g.,contains etc.,quoted clues,contains dir.
9/25/2021,NNE,Raleigh-to-Richmond dir.,Other,,False,2,24,4,False,False,False,False,1,False,11.5,0,0.0,0.125,False,False,False,True
9/10/2021,ESE,Paris-to-Zurich dir.,Other,,False,2,20,4,False,False,False,False,1,False,9.5,0,0.0,0.15,False,False,False,True
9/3/2021,ESE,Senegal-to-Togo dir.,Other,,False,2,20,4,False,False,False,False,1,False,9.5,0,0.0,0.15,False,False,False,True
8/29/2021,NNE,Taipei-to-Seoul dir.,Other,,False,2,20,4,False,False,False,False,1,False,9.5,0,0.0,0.15,False,False,False,True
7/8/2021,NNE,Nashville-to-Louisville dir.,Other,,False,2,28,4,False,False,False,False,1,False,13.5,0,0.5,0.10714285714285714,False,False,False,True
5/25/2021,NNE,Little Rock-to-Chicago dir.,Other,,False,3,27,5,False,False,False,False,1,False,8.333333333333334,0,0.3333333333333333,0.1111111111111111,False,False,False,True
4/24/2021,NNE,Dallas-to-Duluth dir.,Other,,False,2,21,4,False,False,False,False,1,False,10.0,0,0.5,0.14285714285714285,False,False,False,True
4/3/2021,NNE,Buenos Aires-to-Bras√≠lia dir.,Other,,False,3,29,6,False,False,False,False,1,False,9.0,0,0.6666666666666666,0.13793103448275862,False,False,False,True
3/7/2021,ENE,Memphis-to-Nashville dir.,Other,,False,2,25,4,False,False,False,False,1,False,12.0,0,0.5,0.12,False,False,False,True
1/27/2021,WSW,Indianapolis-to-St. Louis dir.,Other,,False,3,30,6,False,False,False,False,2,False,9.333333333333334,0,0.6666666666666666,0.13333333333333333,False,False,False,True
12/6/2020,SSE,Orlando-to-Miami dir.,Other,,False,2,21,4,False,False,False,False,1,False,10.0,0,0.0,0.14285714285714285,False,False,False,True
11/30/2020,ENE,Toronto-to-Montreal dir.,Other,,False,2,24,4,False,False,False,False,1,False,11.5,0,0.0,0.125,False,False,False,True
11/19/2020,NNE,Fort Myers-to-Orlando dir.,Other,,False,3,26,5,False,False,False,False,1,False,8.0,0,0.6666666666666666,0.11538461538461539,False,False,False,True
10/21/2020,ESE,Wyoming-to-Missouri dir.,Other,,False,2,24,4,False,False,False,False,1,False,11.5,0,0.0,0.125,False,False,False,True
10/18/2020,NNE,Pittsburgh-to-Buffalo dir.,Other,,False,2,26,4,False,False,False,False,1,False,12.5,0,0.0,0.11538461538461539,False,False,False,True
10/9/2020,SSE,Chicago-to-Indianapolis dir.,Other,,False,2,28,4,False,False,False,False,1,False,13.5,0,0.0,0.10714285714285714,False,False,False,True
9/26/2020,WNW,Asheville-to-Knoxville dir.,Other,,False,2,27,4,False,False,False,False,1,False,13.0,0,0.5,0.1111111111111111,False,False,False,True
8/13/2020,ENE,Las Vegas-to-Denver dir.,Other,,False,3,24,5,False,False,False,False,1,False,7.333333333333333,0,0.6666666666666666,0.125,False,False,False,True
7/7/2020,ENE,New Mexico-to-Missouri dir.,Other,,False,3,27,5,False,False,False,False,1,False,8.333333333333334,0,0.6666666666666666,0.1111111111111111,False,False,False,True
7/5/2020,NNE,Tulsa-to-Des Moines dir.,Other,,False,3,24,5,False,False,False,False,1,False,7.333333333333333,0,0.3333333333333333,0.125,False,False,False,True
6/24/2020,ESE,New Orleans-to-Tampa dir.,Other,,False,3,25,5,False,False,False,False,1,False,7.666666666666667,0,0.6666666666666666,0.12,False,False,False,True
6/21/2020,SSE,Tokyo-to-Iwo Jima dir.,Other,,False,3,22,5,False,False,False,False,1,False,6.666666666666667,0,0.6666666666666666,0.13636363636363635,False,False,False,True
4/15/2020,SSE,Indianapolis-to-Atlanta dir.,Other,,False,2,28,4,False,False,False,False,1,False,13.5,0,0.0,0.10714285714285714,False,False,False,True
4/4/2020,SSE,"Dir. from Duluth, Minn., to Madison, Wis.",Other,,False,7,41,12,False,False,False,False,3,False,5.0,3,0.7142857142857143,0.14634146341463414,False,False,False,True
4/3/2020,ENE,Cancun-to-Havana dir.,Other,,False,2,21,4,False,False,False,False,1,False,10.0,0,0.5,0.14285714285714285,False,False,False,True
4/2/2020,SSE,Glasgow-to-Liverpool dir.,Other,,False,2,25,4,False,False,False,False,1,False,12.0,0,0.0,0.12,False,False,False,True
2/23/2020,NNE,Wichita-to-Omaha dir.,Other,,False,2,21,4,False,False,False,False,1,False,10.0,0,0.0,0.14285714285714285,False,False,False,True
2/4/2020,ENE,L.A.-to-Chicago dir.,Other,,False,2,20,6,False,False,False,False,3,False,9.5,0,0.0,0.25,False,False,False,True
12/26/2019,NNE,Columbus-to-Cleveland dir.,Other,,False,2,26,4,False,False,False,False,1,False,12.5,0,0.5,0.11538461538461539,False,False,False,True
11/21/2019,SSE,Dir. from Lubbock to San Antonio,Other,,False,6,32,6,False,False,False,False,1,False,4.5,0,0.6666666666666666,0.03125,False,False,False,True
10/20/2019,NNE,Malawi-to-Kenya dir.,Other,,False,2,20,4,False,False,False,False,1,False,9.5,0,0.0,0.15,False,False,False,True
8/28/2019,ENE,Austin-to-Boston dir.,Other,,False,2,21,4,False,False,False,False,1,False,10.0,0,0.5,0.14285714285714285,False,False,False,True
7/7/2019,WSW,Indianapolis-to-St. Louis dir.,Other,,False,3,30,6,False,False,False,False,2,False,9.333333333333334,0,0.6666666666666666,0.13333333333333333,False,False,False,True
5/25/2019,ENE,Harrisburg-to-Allentown dir.,Other,,False,2,28,4,False,False,False,False,1,False,13.5,0,0.0,0.10714285714285714,False,False,False,True
4/16/2019,ENE,L.A.-to-Denver dir.,Other,,False,2,19,6,False,False,False,False,3,False,9.0,0,0.0,0.2631578947368421,False,False,False,True
4/16/2019,SSW,Denver-to-Albuquerque dir.,Other,,False,2,26,4,False,False,False,False,1,False,12.5,0,0.0,0.11538461538461539,False,False,False,True
4/7/2019,ENE,Lincoln-to-Madison dir.,Other,,False,2,23,4,False,False,False,False,1,False,11.0,0,0.5,0.13043478260869565,False,False,False,True
2/8/2019,ESE,Liverpool-to-Nottingham dir.,Other,,False,2,28,4,False,False,False,False,1,False,13.5,0,0.0,0.10714285714285714,False,False,False,True
1/23/2019,NNE,Tampa-to-Jacksonville dir.,Other,,False,2,26,4,False,False,False,False,1,False,12.5,0,0.5,0.11538461538461539,False,False,False,True
1/5/2019,SSE,Tampa-to-Naples dir.,Other,,False,2,20,4,False,False,False,False,1,False,9.5,0,0.0,0.15,False,False,False,True
12/26/2018,NNE,Boise-to-Missoula dir.,Other,,False,2,22,4,False,False,False,False,1,False,10.5,0,0.5,0.13636363636363635,False,False,False,True
12/23/2018,ENE,Lansing-to-Flint dir.,Other,,False,2,21,4,False,False,False,False,1,False,10.0,0,0.0,0.14285714285714285,False,False,False,True
12/15/2018,ENE,Dir. that's also a suffix,Other,,False,5,25,6,False,False,False,False,1,False,4.2,0,0.2,0.08,False,False,False,True
12/2/2018,SSE,Atlanta-to-Miami dir.,Other,,False,2,21,4,False,False,False,False,1,False,10.0,0,0.0,0.14285714285714285,False,False,False,True
11/11/2018,SSE,Toledo-to-Columbus dir.,Other,,False,2,23,4,False,False,False,False,1,False,11.0,0,0.0,0.13043478260869565,False,False,False,True
10/17/2018,NNE,Vane dir.,Other,,False,2,9,2,False,False,False,False,1,False,4.0,0,0.5,0.1111111111111111,False,False,False,True
10/7/2018,ENE,Memphis-to-Nashville dir.,Other,,False,2,25,4,False,False,False,False,1,False,12.0,0,0.5,0.12,False,False,False,True
9/30/2018,ENE,Accra-to-Khartoum dir.,Other,,False,2,22,4,False,False,False,False,1,False,10.5,0,0.0,0.13636363636363635,False,False,False,True
8/30/2018,ENE,Phoenix-to-Albuquerque dir.,Other,,False,2,27,4,False,False,False,False,1,False,13.0,0,0.0,0.1111111111111111,False,False,False,True
8/5/2018,ENE,Memphis-to-Nashville dir.,Other,,False,2,25,4,False,False,False,False,1,False,12.0,0,0.5,0.12,False,False,False,True
6/30/2018,SSW,Nairobi-to-Johannesburg dir.,Other,,False,2,28,4,False,False,False,False,1,False,13.5,0,0.0,0.10714285714285714,False,False,False,True
6/5/2018,SSE,Dir. from Iceland to Ireland,Other,,False,5,28,5,False,False,False,False,1,False,4.8,0,0.6,0.03571428571428571,False,False,False,True
1/17/2018,ESE,Cornell-to-Yale dir.,Other,,False,2,20,4,False,False,False,False,1,False,9.5,0,0.0,0.15,False,False,False,True
12/17/2017,ENE,Des Moines-to-Dubuque dir.,Other,,False,3,26,5,False,False,False,False,1,False,8.0,0,0.6666666666666666,0.11538461538461539,False,False,False,True
12/8/2017,ESE,San Jose-to-San Antonio dir.,Other,,False,4,28,6,False,False,False,False,1,False,6.25,0,0.75,0.10714285714285714,False,False,False,True
12/3/2017,NNW,Houston-to-Dallas dir.,Other,,False,2,22,4,False,False,False,False,1,False,10.5,0,0.5,0.13636363636363635,False,False,False,True
12/1/2017,SSE,D.C.-to-Virginia Beach dir.,Other,,False,3,27,7,False,False,False,False,3,False,8.333333333333334,0,0.6666666666666666,0.18518518518518517,False,False,False,True
10/1/2017,ENE,Oklahoma City-to-Tulsa dir.,Other,,False,3,27,5,False,False,False,False,1,False,8.333333333333334,0,0.6666666666666666,0.1111111111111111,False,False,False,True
8/8/2017,ENE,Indianapolis-to-Cleveland dir.,Other,,False,2,30,4,False,False,False,False,1,False,14.5,0,0.5,0.1,False,False,False,True
8/1/2017,SSE,Chicago-to-Indianapolis dir.,Other,,False,2,28,4,False,False,False,False,1,False,13.5,0,0.0,0.10714285714285714,False,False,False,True
7/13/2017,NNE,Dir. from Norfolk to Philadelphia,Other,,False,5,33,5,False,False,False,False,1,False,5.8,0,0.6,0.030303030303030304,False,False,False,True
6/17/2017,ENE,Memphis-to-Nashville dir.,Other,,False,2,25,4,False,False,False,False,1,False,12.0,0,0.5,0.12,False,False,False,True
6/1/2017,ESE,Minneapolis-to-Milwaukee dir.,Other,,False,2,29,4,False,False,False,False,1,False,14.0,0,0.5,0.10344827586206896,False,False,False,True
4/1/2017,SSE,Saginaw-to-Flint dir.,Other,,False,2,21,4,False,False,False,False,1,False,10.0,0,0.0,0.14285714285714285,False,False,False,True
2/9/2017,ESE,Oxford-to-London dir.,Other,,False,2,21,4,False,False,False,False,1,False,10.0,0,0.0,0.14285714285714285,False,False,False,True
1/24/2017,ENE,Cincinnati-to-Philadelphia dir.,Other,,False,2,31,4,False,False,False,False,1,False,15.0,0,0.0,0.0967741935483871,False,False,False,True
1/1/2017,ENE,Venice-to-Trieste dir.,Other,,False,2,22,4,False,False,False,False,1,False,10.5,0,0.0,0.13636363636363635,False,False,False,True
12/13/2016,ENE,Paris-to-Berlin dir.,Other,,False,2,20,4,False,False,False,False,1,False,9.5,0,0.5,0.15,False,False,False,True
12/2/2016,SSE,Dallas-to-Houston dir.,Other,,False,2,22,4,False,False,False,False,1,False,10.5,0,0.5,0.13636363636363635,False,False,False,True
11/12/2016,ENE,Liverpool-to-Leeds dir.,Other,,False,2,23,4,False,False,False,False,1,False,11.0,0,0.0,0.13043478260869565,False,False,False,True
10/23/2016,ENE,Portland-to-Spokane dir.,Other,,False,2,24,4,False,False,False,False,1,False,11.5,0,0.5,0.125,False,False,False,True
10/2/2016,SSW,Duluth-to-St. Paul dir.,Other,,False,3,23,6,False,False,False,False,2,False,7.0,0,0.3333333333333333,0.17391304347826086,False,False,False,True
9/18/2016,ESE,Austin-to-Houston dir.,Other,,False,2,22,4,False,False,False,False,1,False,10.5,0,0.5,0.13636363636363635,False,False,False,True
7/24/2016,SSE,Sacramento-to-San Diego dir.,Other,,False,3,28,5,False,False,False,False,1,False,8.666666666666666,0,0.3333333333333333,0.10714285714285714,False,False,False,True
6/17/2016,NNE,Hanoi-to-Beijing dir.,Other,,False,2,21,4,False,False,False,False,1,False,10.0,0,0.0,0.14285714285714285,False,False,False,True
5/29/2016,ENE,Vegas-to-Denver dir.,Other,,False,2,20,4,False,False,False,False,1,False,9.5,0,0.0,0.15,False,False,False,True
5/5/2016,ESE,Boulder-to-Little Rock dir.,Other,,False,3,27,5,False,False,False,False,1,False,8.333333333333334,0,0.3333333333333333,0.1111111111111111,False,False,False,True
2/23/2016,WSW,Madrid-to-Lisbon dir.,Other,,False,2,21,4,False,False,False,False,1,False,10.0,0,0.5,0.14285714285714285,False,False,False,True
2/20/2016,ESE,Sri Lanka-to-Singapore dir.,Other,,False,3,27,5,False,False,False,False,1,False,8.333333333333334,0,0.6666666666666666,0.1111111111111111,False,False,False,True
1/8/2016,WSW,Sioux City-to-Fort Collins dir.,Other,,False,4,31,6,False,False,False,False,1,False,7.0,0,0.75,0.0967741935483871,False,False,False,True
11/29/2015,ESE,"Portland, Ore.-to-Boise dir.",Other,,False,3,28,7,False,False,False,False,2,False,8.666666666666666,1,0.6666666666666666,0.17857142857142858,False,False,False,True
11/1/2015,NNE,Taipei-to-Seoul dir.,Other,,False,2,20,4,False,False,False,False,1,False,9.5,0,0.0,0.15,False,False,False,True
9/15/2015,ENE,K.C.-to-Detroit dir.,Other,,False,2,20,6,False,False,False,False,3,False,9.5,0,0.5,0.25,False,False,False,True
8/22/2015,SSW,Hartford-to-New Haven dir.,Other,,False,3,26,5,False,False,False,False,1,False,8.0,0,0.6666666666666666,0.11538461538461539,False,False,False,True
8/20/2015,ENE,Buffalo-to-Burlington dir.,Other,,False,2,26,4,False,False,False,False,1,False,12.5,0,0.5,0.11538461538461539,False,False,False,True
8/6/2015,ESE,Compass dir.,Other,,False,2,12,2,False,False,False,False,1,False,5.5,0,0.5,0.08333333333333333,False,False,False,True
7/8/2015,NNE,Coastal hurricane dir.,Other,,False,3,22,3,False,False,False,False,1,False,6.666666666666667,0,0.3333333333333333,0.045454545454545456,False,False,False,True
6/26/2015,NNE,Minneapolis-to-Duluth dir.,Other,,False,2,26,4,False,False,False,False,1,False,12.5,0,0.5,0.11538461538461539,False,False,False,True
6/16/2015,SSE,Louisville-to-Atlanta dir.,Other,,False,2,26,4,False,False,False,False,1,False,12.5,0,0.0,0.11538461538461539,False,False,False,True
5/31/2015,NNE,Havana-to-Palm Beach dir.,Other,,False,3,25,5,False,False,False,False,1,False,7.666666666666667,0,0.6666666666666666,0.12,False,False,False,True
5/6/2015,ENE,Chicago-to-Toronto dir.,Other,,False,2,23,4,False,False,False,False,1,False,11.0,0,0.5,0.13043478260869565,False,False,False,True
4/9/2015,ESE,Lagos-to-Dar es Salaam dir.,Other,,False,4,27,6,False,False,False,False,1,False,6.0,0,0.25,0.1111111111111111,False,False,False,True
3/15/2015,NNE,Uptown dir. in N.Y.C.,Other,,False,4,21,7,False,False,False,False,4,False,4.5,0,0.25,0.19047619047619047,False,False,False,True
3/14/2015,NNW,Fort Myers-to-Tampa dir.,Other,,False,3,24,5,False,False,False,False,1,False,7.333333333333333,0,0.6666666666666666,0.125,False,False,False,True
3/8/2015,ESE,Toledo-to-Akron dir.,Other,,False,2,20,4,False,False,False,False,1,False,9.5,0,0.5,0.15,False,False,False,True
2/25/2015,ESE,Las Vegas-to-Austin dir.,Other,,False,3,24,5,False,False,False,False,1,False,7.333333333333333,0,0.6666666666666666,0.125,False,False,False,True
2/14/2015,WSW,Bismarck-to-Billings dir.,Other,,False,2,25,4,False,False,False,False,1,False,12.0,0,0.0,0.12,False,False,False,True
1/2/2015,ENE,Sierra Leone-to-Burkina Faso dir.,Other,,False,4,33,6,False,False,False,False,1,False,7.5,0,0.75,0.09090909090909091,False,False,False,True
12/5/2014,ENE,Greenwich-to-New Haven dir.,Other,,False,3,27,5,False,False,False,False,1,False,8.333333333333334,0,0.6666666666666666,0.1111111111111111,False,False,False,True
11/26/2014,SSW,Chicago-to-Houston dir.,Other,,False,2,23,4,False,False,False,False,1,False,11.0,0,0.5,0.13043478260869565,False,False,False,True
11/25/2014,SSE,Seattle-to-Phoenix dir.,Other,,False,2,23,4,False,False,False,False,1,False,11.0,0,0.0,0.13043478260869565,False,False,False,True
11/9/2014,ENE,Pittsburgh-to-Wilkes-Barre dir.,Other,,False,2,31,5,False,False,False,False,1,False,15.0,0,0.0,0.12903225806451613,False,False,False,True
11/2/2014,ENE,Phoenix-to-Albuquerque dir.,Other,,False,2,27,4,False,False,False,False,1,False,13.0,0,0.0,0.1111111111111111,False,False,False,True
10/12/2014,NNE,Vane dir.,Other,,False,2,9,2,False,False,False,False,1,False,4.0,0,0.5,0.1111111111111111,False,False,False,True
9/4/2014,ESE,Atlanta-to-Charleston dir.,Other,,False,2,26,4,False,False,False,False,1,False,12.5,0,0.5,0.11538461538461539,False,False,False,True
8/26/2014,NNE,Little Rock-to-Chicago dir.,Other,,False,3,27,5,False,False,False,False,1,False,8.333333333333334,0,0.3333333333333333,0.1111111111111111,False,False,False,True
8/5/2014,NNE,Cincinnati-to-Detroit dir.,Other,,False,2,26,4,False,False,False,False,1,False,12.5,0,0.0,0.11538461538461539,False,False,False,True
8/1/2014,WSW,Flint-to-Kalamazoo dir.,Other,,False,2,23,4,False,False,False,False,1,False,11.0,0,0.0,0.13043478260869565,False,False,False,True
7/20/2014,ENE,K.C.-to-Detroit dir.,Other,,False,2,20,6,False,False,False,False,3,False,9.5,0,0.5,0.25,False,False,False,True
7/13/2014,ENE,Memphis-to-Nashville dir.,Other,,False,2,25,4,False,False,False,False,1,False,12.0,0,0.5,0.12,False,False,False,True
6/22/2014,NNE,Mobile-to-Birmingham dir.,Other,,False,2,25,4,False,False,False,False,1,False,12.0,0,0.5,0.12,False,False,False,True
5/30/2014,SSE,Rugby-to-Reading dir.,Other,,False,2,21,4,False,False,False,False,1,False,10.0,0,0.0,0.14285714285714285,False,False,False,True
5/8/2014,NNE,Dir. from Providence to Boston,Other,,False,5,30,5,False,False,False,False,1,False,5.2,0,0.6,0.03333333333333333,False,False,False,True
3/23/2014,NNE,Osaka-to-Sapporo dir.,Other,,False,2,21,4,False,False,False,False,1,False,10.0,0,0.0,0.14285714285714285,False,False,False,True
3/18/2014,SSW,Yemen-to-Zimbabwe dir.,Other,,False,2,22,4,False,False,False,False,1,False,10.5,0,0.0,0.13636363636363635,False,False,False,True
3/6/2014,WNW,Dallas-to-Amarillo dir.,Other,,False,2,23,4,False,False,False,False,1,False,11.0,0,0.5,0.13043478260869565,False,False,False,True
3/4/2014,SSE,Chicago-to-Tampa dir.,Other,,False,2,21,4,False,False,False,False,1,False,10.0,0,0.0,0.14285714285714285,False,False,False,True
3/1/2014,NNE,Dayton-to-Toledo dir.,Other,,False,2,21,4,False,False,False,False,1,False,10.0,0,0.5,0.14285714285714285,False,False,False,True
2/26/2014,ESE,Toledo-to-Pittsburgh dir.,Other,,False,2,25,4,False,False,False,False,1,False,12.0,0,0.0,0.12,False,False,False,True
2/14/2014,ENE,Tacoma-to-Spokane dir.,Other,,False,2,22,4,False,False,False,False,1,False,10.5,0,0.5,0.13636363636363635,False,False,False,True
2/2/2014,ESE,Dir. of the Missouri between S.D. and Neb.,Other,,False,8,42,11,False,False,False,False,4,False,4.375,0,0.5,0.09523809523809523,False,False,False,True
1/26/2014,SSW,Denver-to-Albuquerque dir.,Other,,False,2,26,4,False,False,False,False,1,False,12.5,0,0.0,0.11538461538461539,False,False,False,True
1/25/2014,SSW,Recife-to-Rio dir.,Other,,False,2,18,4,False,False,False,False,1,False,8.5,0,0.0,0.16666666666666666,False,False,False,True
12/22/2013,ESE,Amarillo-to-Dallas dir.,Other,,False,2,23,4,False,False,False,False,1,False,11.0,0,0.0,0.13043478260869565,False,False,False,True
11/27/2013,ESE,Charlottesville-to-Richmond dir.,Other,,False,2,32,4,False,False,False,False,1,False,15.5,0,0.0,0.09375,False,False,False,True
11/10/2013,ENE,Compass dir.,Other,,False,2,12,2,False,False,False,False,1,False,5.5,0,0.5,0.08333333333333333,False,False,False,True
11/3/2013,ENE,Jackson-to-Birmingham dir.,Other,,False,2,26,4,False,False,False,False,1,False,12.5,0,0.5,0.11538461538461539,False,False,False,True
10/24/2013,SSE,Green Bay-to-Greenville dir.,Other,,False,3,28,5,False,False,False,False,1,False,8.666666666666666,0,0.3333333333333333,0.10714285714285714,False,False,False,True
10/4/2013,NNE,Lima-to-Bogota dir.,Other,,False,2,19,4,False,False,False,False,1,False,9.0,0,0.0,0.15789473684210525,False,False,False,True
8/23/2013,ENE,Des Moines-to-Cedar Rapids dir.,Other,,False,4,31,6,False,False,False,False,1,False,7.0,0,0.75,0.0967741935483871,False,False,False,True
8/21/2013,SSW,Vane dir.,Other,,False,2,9,2,False,False,False,False,1,False,4.0,0,0.5,0.1111111111111111,False,False,False,True
8/10/2013,ENE,Charlotte-to-Raleigh dir.,Other,,False,2,25,4,False,False,False,False,1,False,12.0,0,0.0,0.12,False,False,False,True
8/3/2013,SSW,Leipzig-to-Zurich dir.,Other,,False,2,22,4,False,False,False,False,1,False,10.5,0,0.0,0.13636363636363635,False,False,False,True
7/28/2013,ENE,Phoenix-to-Albuquerque dir.,Other,,False,2,27,4,False,False,False,False,1,False,13.0,0,0.0,0.1111111111111111,False,False,False,True
6/25/2013,SSE,St. Paul-to-St. Louis dir.,Other,,False,4,26,8,False,False,False,False,3,False,5.75,0,0.75,0.19230769230769232,False,False,False,True
4/19/2013,SSE,Compass dir.,Other,,False,2,12,2,False,False,False,False,1,False,5.5,0,0.5,0.08333333333333333,False,False,False,True
4/14/2013,SSW,Waco-to-Austin dir.,Other,,False,2,19,4,False,False,False,False,1,False,9.0,0,0.0,0.15789473684210525,False,False,False,True
4/7/2013,ENE,Memphis-to-Nashville dir.,Other,,False,2,25,4,False,False,False,False,1,False,12.0,0,0.5,0.12,False,False,False,True
4/6/2013,SSE,Chelsea-to-Chinatown dir.,Other,,False,2,25,4,False,False,False,False,1,False,12.0,0,0.0,0.12,False,False,False,True
3/17/2013,NNE,Biloxi-to-Birmingham dir.,Other,,False,2,25,4,False,False,False,False,1,False,12.0,0,0.5,0.12,False,False,False,True
3/1/2013,ENE,Shanghai-to-Tokyo dir.,Other,,False,2,22,4,False,False,False,False,1,False,10.5,0,0.0,0.13636363636363635,False,False,False,True
2/14/2013,ESE,Oahu-to-Molokai dir.,Other,,False,2,20,4,False,False,False,False,1,False,9.5,0,0.0,0.15,False,False,False,True
1/20/2013,ESE,Dir. from Winston-Salem to Raleigh,Other,,False,5,34,6,False,False,False,False,1,False,6.0,0,0.6,0.058823529411764705,False,False,False,True
1/18/2013,NNE,Salem-to-Portland dir.,Other,,False,2,22,4,False,False,False,False,1,False,10.5,0,0.5,0.13636363636363635,False,False,False,True
12/5/2012,SSE,Vane dir.,Other,,False,2,9,2,False,False,False,False,1,False,4.0,0,0.5,0.1111111111111111,False,False,False,True
12/2/2012,SSW,Denver-to-Albuquerque dir.,Other,,False,2,26,4,False,False,False,False,1,False,12.5,0,0.0,0.11538461538461539,False,False,False,True
11/21/2012,ESE,Indianapolis-to-Cincinnati dir.,Other,,False,2,31,4,False,False,False,False,1,False,15.0,0,0.0,0.0967741935483871,False,False,False,True
9/11/2012,NNE,Mississippi-to-Michigan dir.,Other,,False,2,28,4,False,False,False,False,1,False,13.5,0,0.0,0.10714285714285714,False,False,False,True
6/16/2012,SSE,Dir. from 30-Across to Norfolk,Other,,False,5,30,8,False,False,False,False,1,False,5.2,0,0.4,0.06666666666666667,False,False,False,True
6/12/2012,ENE,N.M.-to-N.J. dir.,Other,,False,2,17,8,False,False,False,False,5,False,8.0,0,0.5,0.4117647058823529,False,False,False,True
5/15/2012,SSE,Montreal-to-Boston dir.,Other,,False,2,23,4,False,False,False,False,1,False,11.0,0,0.5,0.13043478260869565,False,False,False,True
5/6/2012,ENE,Bismarck-to-Grand Forks dir.,Other,,False,3,28,5,False,False,False,False,1,False,8.666666666666666,0,0.6666666666666666,0.10714285714285714,False,False,False,True
5/2/2012,ESE,Guadalajara-to-Mexico City dir.,Other,,False,3,31,5,False,False,False,False,1,False,9.666666666666666,0,0.6666666666666666,0.0967741935483871,False,False,False,True
4/29/2012,SSE,Beijing-to-Shanghai dir.,Other,,False,2,24,4,False,False,False,False,1,False,11.5,0,0.5,0.125,False,False,False,True
4/25/2012,ENE,Phoenix-to-Albuquerque dir.,Other,,False,2,27,4,False,False,False,False,1,False,13.0,0,0.0,0.1111111111111111,False,False,False,True
4/11/2012,ENE,Lansing-to-Flint dir.,Other,,False,2,21,4,False,False,False,False,1,False,10.0,0,0.0,0.14285714285714285,False,False,False,True
4/6/2012,NNE,Anchorage-to-Fairbanks dir.,Other,,False,2,27,4,False,False,False,False,1,False,13.0,0,0.0,0.1111111111111111,False,False,False,True
4/5/2012,SSE,Vancouver-to-Seattle dir.,Other,,False,2,25,4,False,False,False,False,1,False,12.0,0,0.0,0.12,False,False,False,True
3/30/2012,ESE,Guam-to-Tahiti dir.,Other,,False,2,19,4,False,False,False,False,1,False,9.0,0,0.5,0.15789473684210525,False,False,False,True
3/29/2012,SSE,Beijing-to-Shanghai dir.,Other,,False,2,24,4,False,False,False,False,1,False,11.5,0,0.5,0.125,False,False,False,True
3/24/2012,SSE,Quito-to-Lima dir.,Other,,False,2,18,4,False,False,False,False,1,False,8.5,0,0.0,0.16666666666666666,False,False,False,True
3/7/2012,NNW,San Antonio-to-Amarillo dir.,Other,,False,3,28,5,False,False,False,False,1,False,8.666666666666666,0,0.6666666666666666,0.10714285714285714,False,False,False,True
2/26/2012,ENE,Charlotte-to-Raleigh dir.,Other,,False,2,25,4,False,False,False,False,1,False,12.0,0,0.0,0.12,False,False,False,True
2/16/2012,ESE,Yuma-to-Tombstone dir.,Other,,False,2,22,4,False,False,False,False,1,False,10.5,0,0.0,0.13636363636363635,False,False,False,True
1/17/2012,SSE,Cairo-to-Addis Ababa dir.,Other,,False,3,25,5,False,False,False,False,1,False,7.666666666666667,0,0.3333333333333333,0.12,False,False,False,True
1/12/2012,ESE,Windhoek-to-Pretoria dir.,Other,,False,2,25,4,False,False,False,False,1,False,12.0,0,0.0,0.12,False,False,False,True
1/4/2012,ESE,Pittsburgh-to-Baltimore dir.,Other,,False,2,28,4,False,False,False,False,1,False,13.5,0,0.0,0.10714285714285714,False,False,False,True
12/31/2011,SSW,Yemen-to-Zimbabwe dir.,Other,,False,2,22,4,False,False,False,False,1,False,10.5,0,0.0,0.13636363636363635,False,False,False,True
12/30/2011,ENE,Memphis-to-Nashville dir.,Other,,False,2,25,4,False,False,False,False,1,False,12.0,0,0.5,0.12,False,False,False,True
12/10/2011,NNE,Lima-to-Caracas dir.,Other,,False,2,20,4,False,False,False,False,1,False,9.5,0,0.0,0.15,False,False,False,True
11/25/2011,NNE,Hoboken-to-Fort Lee dir.,Other,,False,3,24,5,False,False,False,False,1,False,7.333333333333333,0,0.6666666666666666,0.125,False,False,False,True
11/12/2011,NNE,Dir. from Gramercy Park to Central Park,Other,,False,7,39,7,False,False,False,False,1,False,4.714285714285714,0,0.7142857142857143,0.02564102564102564,False,False,False,True
10/29/2011,NNE,Pentagon-to-Lincoln Memorial dir.,Other,,False,3,33,5,False,False,False,False,1,False,10.333333333333334,0,0.6666666666666666,0.09090909090909091,False,False,False,True
10/4/2011,NNE,Uptown dir. in N.Y.C.,Other,,False,4,21,7,False,False,False,False,4,False,4.5,0,0.25,0.19047619047619047,False,False,False,True
9/16/2011,SSE,Toledo-to-Columbus dir.,Other,,False,2,23,4,False,False,False,False,1,False,11.0,0,0.0,0.13043478260869565,False,False,False,True
8/21/2011,ENE,Tampa-to-Orlando dir.,Other,,False,2,21,4,False,False,False,False,1,False,10.0,0,0.0,0.14285714285714285,False,False,False,True
8/14/2011,NNE,Sante Fe-to-Denver dir.,Other,,False,3,23,5,False,False,False,False,1,False,7.0,0,0.6666666666666666,0.13043478260869565,False,False,False,True
8/7/2011,NNE,St. Pete-to-Savannah dir.,Other,,False,3,25,6,False,False,False,False,2,False,7.666666666666667,0,0.6666666666666666,0.16,False,False,False,True
6/22/2011,NNE,La.-to-Mich. dir.,Other,,False,2,17,6,False,False,False,False,3,False,8.0,0,0.0,0.29411764705882354,False,False,False,True
6/1/2011,NNW,Fort Myers-to-Tampa dir.,Other,,False,3,24,5,False,False,False,False,1,False,7.333333333333333,0,0.6666666666666666,0.125,False,False,False,True
5/22/2011,NNW,Shanghai-to-Beijing dir.,Other,,False,2,24,4,False,False,False,False,1,False,11.5,0,0.0,0.125,False,False,False,True
4/15/2011,NNE,Cincinnati-to-Dayton dir.,Other,,False,2,25,4,False,False,False,False,1,False,12.0,0,0.5,0.12,False,False,False,True
4/12/2011,SSE,Seattle-to-L.A. dir.,Other,,False,2,20,6,False,False,False,False,3,False,9.5,0,0.0,0.25,False,False,False,True
3/3/2011,NNE,Mobile-to-Huntsville dir.,Other,,False,2,25,4,False,False,False,False,1,False,12.0,0,0.5,0.12,False,False,False,True
2/27/2011,SSE,Newcastle-to-London dir.,Other,,False,2,24,4,False,False,False,False,1,False,11.5,0,0.0,0.125,False,False,False,True
2/10/2011,ENE,Detroit-to-Toronto dir.,Other,,False,2,23,4,False,False,False,False,1,False,11.0,0,0.5,0.13043478260869565,False,False,False,True
2/2/2011,NNE,Houston-to-Chicago dir.,Other,,False,2,23,4,False,False,False,False,1,False,11.0,0,0.0,0.13043478260869565,False,False,False,True
1/23/2011,SSE,Scranton-to-Philadelphia dir.,Other,,False,2,29,4,False,False,False,False,1,False,14.0,0,0.0,0.10344827586206896,False,False,False,True
1/13/2011,ESE,Oxford-to-London dir.,Other,,False,2,21,4,False,False,False,False,1,False,10.0,0,0.0,0.14285714285714285,False,False,False,True
1/2/2011,ENE,Portland-to-Spokane dir.,Other,,False,2,24,4,False,False,False,False,1,False,11.5,0,0.5,0.125,False,False,False,True
12/31/2010,NNE,Uptown's dir. in N.Y.C.,Other,,False,4,23,8,False,False,False,False,4,False,5.0,0,0.5,0.21739130434782608,False,False,False,True
12/30/2010,NNE,Ft. Myers-to-Orlando dir.,Other,,False,3,25,6,False,False,False,False,2,False,7.666666666666667,0,0.6666666666666666,0.16,False,False,False,True
11/28/2010,NNE,Austin-to-Waco dir.,Other,,False,2,19,4,False,False,False,False,1,False,9.0,0,0.0,0.15789473684210525,False,False,False,True
11/26/2010,SSE,Tampa-to-Ft. Myers dir.,Other,,False,3,23,6,False,False,False,False,2,False,7.0,0,0.3333333333333333,0.17391304347826086,False,False,False,True
11/14/2010,WSW,Nashville-to-Memphis dir.,Other,,False,2,25,4,False,False,False,False,1,False,12.0,0,0.0,0.12,False,False,False,True
10/5/2010,SSE,Boise-to-Phoenix dir.,Other,,False,2,21,4,False,False,False,False,1,False,10.0,0,0.5,0.14285714285714285,False,False,False,True
10/3/2010,ENE,Santa Barbara-to-Las Vegas dir.,Other,,False,4,31,6,False,False,False,False,1,False,7.0,0,0.75,0.0967741935483871,False,False,False,True
9/28/2010,NNE,New Orleans-to-Detroit dir.,Other,,False,3,27,5,False,False,False,False,1,False,8.333333333333334,0,0.6666666666666666,0.1111111111111111,False,False,False,True
9/26/2010,ENE,Dallas-to-Memphis dir.,Other,,False,2,22,4,False,False,False,False,1,False,10.5,0,0.0,0.13636363636363635,False,False,False,True
8/10/2010,NNE,Havana-to-Miami dir.,Other,,False,2,20,4,False,False,False,False,1,False,9.5,0,0.5,0.15,False,False,False,True
8/4/2010,WSW,Egypt-to-Niger dir.,Other,,False,2,19,4,False,False,False,False,1,False,9.0,0,0.0,0.15789473684210525,False,False,False,True
7/18/2010,ENE,"General dir. of Sal Paradise's return trip in ""On the Road""",Other,,False,11,59,14,False,False,False,False,1,False,4.454545454545454,0,0.45454545454545453,0.06779661016949153,False,False,False,True
6/23/2010,ENE,St. Louis-to-Cleveland dir.,Other,,False,3,27,6,False,False,False,False,2,False,8.333333333333334,0,0.6666666666666666,0.14814814814814814,False,False,False,True
5/30/2010,SSE,Edinburgh-to-London dir.,Other,,False,2,24,4,False,False,False,False,1,False,11.5,0,0.0,0.125,False,False,False,True
5/13/2010,SSW,Missoula-to-Boise dir.,Other,,False,2,22,4,False,False,False,False,1,False,10.5,0,0.0,0.13636363636363635,False,False,False,True
5/8/2010,ENE,Dir. from Asheville to Winston-Salem,Other,,False,5,36,6,False,False,False,False,1,False,6.4,0,0.6,0.05555555555555555,False,False,False,True
4/29/2010,SSW,Dir. from Paris to Bordeaux,Other,,False,5,27,5,False,False,False,False,1,False,4.6,0,0.6,0.037037037037037035,False,False,False,True
4/22/2010,ESE,"Dir. from Springfield, Mass., to Providence",Other,,False,6,43,9,False,False,False,False,2,False,6.333333333333333,2,0.6666666666666666,0.09302325581395349,False,False,False,True
1/17/2010,SSE,V.I.-to-Trinidad dir.,Other,,False,2,21,6,False,False,False,False,3,False,10.0,0,0.0,0.23809523809523808,False,False,False,True
1/16/2010,NNW,Kansas City-to-Omaha dir.,Other,,False,3,25,5,False,False,False,False,1,False,7.666666666666667,0,0.6666666666666666,0.12,False,False,False,True
12/22/2009,NNE,Miami-to-Boston dir.,Other,,False,2,20,4,False,False,False,False,1,False,9.5,0,0.5,0.15,False,False,False,True
12/9/2009,ENE,Rome-to-Belgrade dir.,Other,,False,2,21,4,False,False,False,False,1,False,10.0,0,0.0,0.14285714285714285,False,False,False,True
12/2/2009,ENE,Phoenix-to-Philly dir.,Other,,False,2,22,4,False,False,False,False,1,False,10.5,0,0.0,0.13636363636363635,False,False,False,True
11/8/2009,SSE,Toledo-to-Columbus dir.,Other,,False,2,23,4,False,False,False,False,1,False,11.0,0,0.0,0.13043478260869565,False,False,False,True
11/3/2009,ENE,Cincinnati-to-Pittsburgh dir.,Other,,False,2,29,4,False,False,False,False,1,False,14.0,0,0.0,0.10344827586206896,False,False,False,True
9/3/2009,ESE,Sioux Falls-to-Cedar Rapids dir.,Other,,False,4,32,6,False,False,False,False,1,False,7.25,0,0.75,0.09375,False,False,False,True
8/30/2009,SSE,Toledo-to-Columbus dir.,Other,,False,2,23,4,False,False,False,False,1,False,11.0,0,0.0,0.13043478260869565,False,False,False,True
8/23/2009,SSE,Reno-to-L.A. dir.,Other,,False,2,17,6,False,False,False,False,3,False,8.0,0,0.0,0.29411764705882354,False,False,False,True
8/16/2009,NNE,Tonga-to-Hawaii dir.,Other,,False,2,20,4,False,False,False,False,1,False,9.5,0,0.0,0.15,False,False,False,True
7/30/2009,SSE,Liverpool-to-Portsmouth dir.,Other,,False,2,28,4,False,False,False,False,1,False,13.5,0,0.0,0.10714285714285714,False,False,False,True
7/12/2009,NNE,Mobile-to-Birmingham dir.,Other,,False,2,25,4,False,False,False,False,1,False,12.0,0,0.5,0.12,False,False,False,True
7/9/2009,ENE,Sioux Falls-to-St. Paul dir.,Other,,False,4,28,7,False,False,False,False,2,False,6.25,0,0.75,0.14285714285714285,False,False,False,True
7/5/2009,SSW,Orlando-to-Ft. Myers dir.,Other,,False,3,25,6,False,False,False,False,2,False,7.666666666666667,0,0.3333333333333333,0.16,False,False,False,True
7/1/2009,NNE,"Dir. from Gary, Ind., to Sault Ste. Marie",Other,,False,8,41,12,False,False,False,False,3,False,4.25,2,0.75,0.12195121951219512,False,False,False,True
6/25/2009,NNE,Anchorage-to-Fairbanks dir.,Other,,False,2,27,4,False,False,False,False,1,False,13.0,0,0.0,0.1111111111111111,False,False,False,True
6/19/2009,SSE,Jacksonville-to-Daytona Beach dir.,Other,,False,3,34,5,False,False,False,False,1,False,10.666666666666666,0,0.6666666666666666,0.08823529411764706,False,False,False,True
5/17/2009,NNE,Little Rock-to-St. Louis dir.,Other,,False,4,29,7,False,False,False,False,2,False,6.5,0,0.5,0.13793103448275862,False,False,False,True
5/7/2009,SSW,Milwaukee-to-Houston dir.,Other,,False,2,25,4,False,False,False,False,1,False,12.0,0,0.5,0.12,False,False,False,True
4/4/2009,NNE,Frankfurt-to-Copenhagen dir.,Other,,False,2,28,4,False,False,False,False,1,False,13.5,0,0.0,0.10714285714285714,False,False,False,True
2/27/2009,NNE,Dayton-to-Toledo dir.,Other,,False,2,21,4,False,False,False,False,1,False,10.0,0,0.5,0.14285714285714285,False,False,False,True
1/14/2009,ENE,Cincinnati-to-New York dir.,Other,,False,3,27,5,False,False,False,False,1,False,8.333333333333334,0,0.3333333333333333,0.1111111111111111,False,False,False,True
1/7/2009,ENE,St. Louis-to-Indianapolis dir.,Other,,False,3,30,6,False,False,False,False,2,False,9.333333333333334,0,0.6666666666666666,0.13333333333333333,False,False,False,True
12/14/2008,SSE,Delhi-to-Madras dir.,Other,,False,2,20,4,False,False,False,False,1,False,9.5,0,0.0,0.15,False,False,False,True
12/4/2008,SSW,Denver-to-Santa Fe dir.,Other,,False,3,23,5,False,False,False,False,1,False,7.0,0,0.6666666666666666,0.13043478260869565,False,False,False,True
11/19/2008,ENE,Memphis-to-Nashville dir.,Other,,False,2,25,4,False,False,False,False,1,False,12.0,0,0.5,0.12,False,False,False,True
11/7/2008,NNW,Pilothouse dir.,Other,,False,2,15,2,False,False,False,False,1,False,7.0,0,0.5,0.06666666666666667,False,False,False,True
10/30/2008,SSE,Tampa-to-Fort Myers dir.,Other,,False,3,24,5,False,False,False,False,1,False,7.333333333333333,0,0.3333333333333333,0.125,False,False,False,True
10/21/2008,SSE,Seattle-to-Las Vegas dir.,Other,,False,3,25,5,False,False,False,False,1,False,7.666666666666667,0,0.6666666666666666,0.12,False,False,False,True
9/23/2008,SSW,N.Y.C.-to-Miami dir.,Other,,False,2,20,7,False,False,False,False,4,False,9.5,0,0.0,0.3,False,False,False,True
9/21/2008,NNE,Seward-to-Fairbanks dir.,Other,,False,2,24,4,False,False,False,False,1,False,11.5,0,0.0,0.125,False,False,False,True
8/22/2008,ESE,Tacoma-to-Walla Walla dir.,Other,,False,3,26,5,False,False,False,False,1,False,8.0,0,0.6666666666666666,0.11538461538461539,False,False,False,True
8/3/2008,SSE,Beijing-to-Shanghai dir.,Other,,False,2,24,4,False,False,False,False,1,False,11.5,0,0.5,0.125,False,False,False,True
7/16/2008,NNE,New Orleans-to-Indianapolis dir.,Other,,False,3,32,5,False,False,False,False,1,False,10.0,0,0.6666666666666666,0.09375,False,False,False,True
7/15/2008,SSW,Indianapolis-to-New Orleans dir.,Other,,False,3,32,5,False,False,False,False,1,False,10.0,0,0.3333333333333333,0.09375,False,False,False,True
7/8/2008,ESE,Chicago-to-Pittsburgh dir.,Other,,False,2,26,4,False,False,False,False,1,False,12.5,0,0.0,0.11538461538461539,False,False,False,True
6/27/2008,ENE,Charlotte-to-Raleigh dir.,Other,,False,2,25,4,False,False,False,False,1,False,12.0,0,0.0,0.12,False,False,False,True
6/18/2008,SSE,Edinburgh-to-London dir.,Other,,False,2,24,4,False,False,False,False,1,False,11.5,0,0.0,0.125,False,False,False,True
6/8/2008,NNE,Palm Springs-to-Las Vegas dir.,Other,,False,4,30,6,False,False,False,False,1,False,6.75,0,0.75,0.1,False,False,False,True
6/3/2008,SSW,Phila.-to-Miami dir.,Other,,False,2,20,5,False,False,False,False,2,False,9.5,0,0.0,0.2,False,False,False,True
5/22/2008,NNE,Phoenix-to-Flagstaff dir.,Other,,False,2,25,4,False,False,False,False,1,False,12.0,0,0.0,0.12,False,False,False,True
4/27/2008,ENE,Laredo-to-Galveston dir.,Other,,False,2,24,4,False,False,False,False,1,False,11.5,0,0.5,0.125,False,False,False,True
4/23/2008,ESE,Chicago-to-Pittsburgh dir.,Other,,False,2,26,4,False,False,False,False,1,False,12.5,0,0.0,0.11538461538461539,False,False,False,True
4/2/2008,ESE,Little Rock-to-Birmingham dir.,Other,,False,3,30,5,False,False,False,False,1,False,9.333333333333334,0,0.3333333333333333,0.1,False,False,False,True
3/25/2008,NNE,Dallas-to-Des Moines dir.,Other,,False,3,25,5,False,False,False,False,1,False,7.666666666666667,0,0.6666666666666666,0.12,False,False,False,True
2/24/2008,SSE,Florence-to-Rome dir.,Other,,False,2,21,4,False,False,False,False,1,False,10.0,0,0.0,0.14285714285714285,False,False,False,True
2/23/2008,SSE,Birmingham-to-Montgomery dir.,Other,,False,2,29,4,False,False,False,False,1,False,14.0,0,0.0,0.10344827586206896,False,False,False,True
2/10/2008,NNE,Laredo-to-Fort Worth dir.,Other,,False,3,25,5,False,False,False,False,1,False,7.666666666666667,0,0.6666666666666666,0.12,False,False,False,True
2/9/2008,ENE,Plymouth-to-London dir.,Other,,False,2,23,4,False,False,False,False,1,False,11.0,0,0.0,0.13043478260869565,False,False,False,True
2/6/2008,SSE,Compass dir.,Other,,False,2,12,2,False,False,False,False,1,False,5.5,0,0.5,0.08333333333333333,False,False,False,True
2/3/2008,ENE,Anchorage-to-Fairbanks dir.,Other,,False,2,27,4,False,False,False,False,1,False,13.0,0,0.0,0.1111111111111111,False,False,False,True
1/24/2008,NNE,Johannesburg-to-Nairobi dir.,Other,,False,2,28,4,False,False,False,False,1,False,13.5,0,0.0,0.10714285714285714,False,False,False,True
1/9/2008,ENE,Pittsburgh-to-Boston dir.,Other,,False,2,25,4,False,False,False,False,1,False,12.0,0,0.5,0.12,False,False,False,True
12/9/2007,NNE,Samoa-to-Hawaii dir.,Other,,False,2,20,4,False,False,False,False,1,False,9.5,0,0.0,0.15,False,False,False,True
12/2/2007,NNE,Wichita-to-Omaha dir.,Other,,False,2,21,4,False,False,False,False,1,False,10.0,0,0.0,0.14285714285714285,False,False,False,True
11/29/2007,SSE,Reno-to-L.A. dir.,Other,,False,2,17,6,False,False,False,False,3,False,8.0,0,0.0,0.29411764705882354,False,False,False,True
11/7/2007,NNE,Vane dir.,Other,,False,2,9,2,False,False,False,False,1,False,4.0,0,0.5,0.1111111111111111,False,False,False,True
11/4/2007,ENE,Boise-to-Billings dir.,Other,,False,2,22,4,False,False,False,False,1,False,10.5,0,0.0,0.13636363636363635,False,False,False,True
10/10/2007,ENE,Phoenix-to-Albuquerque dir.,Other,,False,2,27,4,False,False,False,False,1,False,13.0,0,0.0,0.1111111111111111,False,False,False,True
10/3/2007,ESE,Detroit-to-Philadelphia dir.,Other,,False,2,28,4,False,False,False,False,1,False,13.5,0,0.5,0.10714285714285714,False,False,False,True
9/23/2007,ESE,Wind dir.,Other,,False,2,9,2,False,False,False,False,1,False,4.0,0,0.5,0.1111111111111111,False,False,False,True
9/20/2007,SSW,Dallas-to-Austin dir.,Other,,False,2,21,4,False,False,False,False,1,False,10.0,0,0.5,0.14285714285714285,False,False,False,True
8/12/2007,NNE,Salem-to-Portland dir.,Other,,False,2,22,4,False,False,False,False,1,False,10.5,0,0.5,0.13636363636363635,False,False,False,True
7/24/2007,NNE,Memphis-to-Chicago dir.,Other,,False,2,23,4,False,False,False,False,1,False,11.0,0,0.0,0.13043478260869565,False,False,False,True
7/22/2007,ENE,Compass dir.,Other,,False,2,12,2,False,False,False,False,1,False,5.5,0,0.5,0.08333333333333333,False,False,False,True
7/12/2007,SSE,Abilene-to-San Antonio dir.,Other,,False,3,27,5,False,False,False,False,1,False,8.333333333333334,0,0.3333333333333333,0.1111111111111111,False,False,False,True
7/1/2007,SSE,Atlanta-to-Miami dir.,Other,,False,2,21,4,False,False,False,False,1,False,10.0,0,0.0,0.14285714285714285,False,False,False,True
6/21/2007,ENE,Charlotte-to-Raleigh dir.,Other,,False,2,25,4,False,False,False,False,1,False,12.0,0,0.0,0.12,False,False,False,True
5/30/2007,SSE,Dir. from Seattle to Las Vegas,Other,,False,6,30,6,False,False,False,False,1,False,4.166666666666667,0,0.6666666666666666,0.03333333333333333,False,False,False,True
5/18/2007,NNE,Pilot's dir.,Other,,False,2,12,3,False,False,False,False,1,False,5.5,0,0.0,0.16666666666666666,False,False,False,True
5/4/2007,NNE,Bristol-to-Leeds dir.,Other,,False,2,21,4,False,False,False,False,1,False,10.0,0,0.5,0.14285714285714285,False,False,False,True
5/1/2007,SSE,Seattle-to-Phoenix dir.,Other,,False,2,23,4,False,False,False,False,1,False,11.0,0,0.0,0.13043478260869565,False,False,False,True
4/22/2007,NNE,K.C.-to-Duluth dir.,Other,,False,2,19,6,False,False,False,False,3,False,9.0,0,0.5,0.2631578947368421,False,False,False,True
2/24/2007,SSE,Bikini-to-Fiji dir.,Other,,False,2,19,4,False,False,False,False,1,False,9.0,0,0.5,0.15789473684210525,False,False,False,True
2/7/2007,NNE,New Orleans-to-Detroit dir.,Other,,False,3,27,5,False,False,False,False,1,False,8.333333333333334,0,0.6666666666666666,0.1111111111111111,False,False,False,True
1/31/2007,ESE,Compass dir.,Other,,False,2,12,2,False,False,False,False,1,False,5.5,0,0.5,0.08333333333333333,False,False,False,True
1/19/2007,SSE,Flagstaff-to-Tucson dir.,Other,,False,2,24,4,False,False,False,False,1,False,11.5,0,0.5,0.125,False,False,False,True
1/11/2007,ENE,Phoenix-to-Albuquerque dir.,Other,,False,2,27,4,False,False,False,False,1,False,13.0,0,0.0,0.1111111111111111,False,False,False,True
12/28/2006,ESE,Adelaide-to-Melbourne dir.,Other,,False,2,26,4,False,False,False,False,1,False,12.5,0,0.0,0.11538461538461539,False,False,False,True
11/30/2006,NNE,Del Rio-to-Abilene dir.,Other,,False,3,23,5,False,False,False,False,1,False,7.0,0,0.6666666666666666,0.13043478260869565,False,False,False,True
11/28/2006,ESE,Chicago-to-D.C. dir.,Other,,False,2,20,6,False,False,False,False,3,False,9.5,0,0.5,0.25,False,False,False,True
11/8/2006,ENE,Dallas-to-Memphis dir.,Other,,False,2,22,4,False,False,False,False,1,False,10.5,0,0.0,0.13636363636363635,False,False,False,True
10/29/2006,SSE,Sheffield-to-London dir.,Other,,False,2,24,4,False,False,False,False,1,False,11.5,0,0.0,0.125,False,False,False,True
10/21/2006,WSW,Saskatoon-to-Calgary dir.,Other,,False,2,25,4,False,False,False,False,1,False,12.0,0,0.0,0.12,False,False,False,True
10/19/2006,SSE,Dir. down Baja California,Other,,False,4,25,4,False,False,False,False,1,False,5.5,0,0.75,0.04,False,False,False,True
10/1/2006,ENE,Little Rock-to-Memphis dir.,Other,,False,3,27,5,False,False,False,False,1,False,8.333333333333334,0,0.3333333333333333,0.1111111111111111,False,False,False,True
8/24/2006,SSE,Orlando-to-Miami dir.,Other,,False,2,21,4,False,False,False,False,1,False,10.0,0,0.0,0.14285714285714285,False,False,False,True
8/13/2006,NNE,Brussels-to-Amsterdam dir.,Other,,False,2,26,4,False,False,False,False,1,False,12.5,0,0.5,0.11538461538461539,False,False,False,True
8/6/2006,SSE,Antigua-to-Barbados dir.,Other,,False,2,24,4,False,False,False,False,1,False,11.5,0,0.0,0.125,False,False,False,True
6/10/2006,ESE,Saskatoon-to-Winnipeg dir.,Other,,False,2,26,4,False,False,False,False,1,False,12.5,0,0.0,0.11538461538461539,False,False,False,True
5/17/2006,SSE,Abilene-to-San Antonio dir.,Other,,False,3,27,5,False,False,False,False,1,False,8.333333333333334,0,0.3333333333333333,0.1111111111111111,False,False,False,True
5/8/2006,SSE,Chicago-to-Tampa dir.,Other,,False,2,21,4,False,False,False,False,1,False,10.0,0,0.0,0.14285714285714285,False,False,False,True
4/9/2006,SSE,Paris-to-Lyon dir.,Other,,False,2,18,4,False,False,False,False,1,False,8.5,0,0.0,0.16666666666666666,False,False,False,True
4/6/2006,ENE,Detroit-to-Montreal dir.,Other,,False,2,24,4,False,False,False,False,1,False,11.5,0,0.0,0.125,False,False,False,True
3/29/2006,SSE,Toledo-to-Columbus dir.,Other,,False,2,23,4,False,False,False,False,1,False,11.0,0,0.0,0.13043478260869565,False,False,False,True
3/25/2006,ENE,Compass dir.,Other,,False,2,12,2,False,False,False,False,1,False,5.5,0,0.5,0.08333333333333333,False,False,False,True
3/17/2006,ESE,San Jose-to-Fresno dir.,Other,,False,3,23,5,False,False,False,False,1,False,7.0,0,0.6666666666666666,0.13043478260869565,False,False,False,True
3/5/2006,SSW,Liverpool-to-Plymouth dir.,Other,,False,2,26,4,False,False,False,False,1,False,12.5,0,0.0,0.11538461538461539,False,False,False,True
2/17/2006,ESE,Storm dir.,Other,,False,2,10,2,False,False,False,False,1,False,4.5,0,0.5,0.1,False,False,False,True
2/16/2006,ESE,Wind dir.,Other,,False,2,9,2,False,False,False,False,1,False,4.0,0,0.5,0.1111111111111111,False,False,False,True
2/14/2006,ENE,K.C.-to-Detroit dir.,Other,,False,2,20,6,False,False,False,False,3,False,9.5,0,0.5,0.25,False,False,False,True
2/8/2006,ENE,Adelaide-to-Brisbane dir.,Other,,False,2,25,4,False,False,False,False,1,False,12.0,0,0.5,0.12,False,False,False,True
1/31/2006,SSE,Memphis-to-Mobile dir.,Other,,False,2,22,4,False,False,False,False,1,False,10.5,0,0.0,0.13636363636363635,False,False,False,True
1/29/2006,SSW,Jacksonville-to-Tampa dir.,Other,,False,2,26,4,False,False,False,False,1,False,12.5,0,0.0,0.11538461538461539,False,False,False,True
1/17/2006,NNE,Austin-to-Dallas dir.,Other,,False,2,21,4,False,False,False,False,1,False,10.0,0,0.0,0.14285714285714285,False,False,False,True
1/4/2006,NNE,"Dir. from Columbus, Ga., to Columbus, Ohio",Other,,False,7,42,11,False,False,False,False,2,False,5.142857142857143,3,0.7142857142857143,0.11904761904761904,False,False,False,True
12/25/2005,NNE,Calgary-to-Edmonton dir.,Other,,False,2,24,4,False,False,False,False,1,False,11.5,0,0.5,0.125,False,False,False,True
12/6/2005,NNE,Dallas-to-Duluth dir.,Other,,False,2,21,4,False,False,False,False,1,False,10.0,0,0.5,0.14285714285714285,False,False,False,True
12/4/2005,SSE,Burlington-to-Brattleboro dir.,Other,,False,2,30,4,False,False,False,False,1,False,14.5,0,0.5,0.1,False,False,False,True
10/30/2005,SSE,Jacksonville-to-Daytona Beach dir.,Other,,False,3,34,5,False,False,False,False,1,False,10.666666666666666,0,0.6666666666666666,0.08823529411764706,False,False,False,True
10/23/2005,ENE,Dir. of I-64 going up Ky.,Other,,False,6,25,10,False,False,False,False,2,False,3.3333333333333335,0,0.5,0.12,False,False,False,True
10/2/2005,NNE,Pilot's dir.,Other,,False,2,12,3,False,False,False,False,1,False,5.5,0,0.0,0.16666666666666666,False,False,False,True
9/25/2005,NNE,Melbourne-to-Brisbane dir.,Other,,False,2,26,4,False,False,False,False,1,False,12.5,0,0.5,0.11538461538461539,False,False,False,True
9/13/2005,SSE,Chicago-to-Miami dir.,Other,,False,2,21,4,False,False,False,False,1,False,10.0,0,0.0,0.14285714285714285,False,False,False,True
8/28/2005,ENE,Springfield-to-Boston dir.,Other,,False,2,26,4,False,False,False,False,1,False,12.5,0,0.5,0.11538461538461539,False,False,False,True
8/27/2005,ENE,Wind dir.,Other,,False,2,9,2,False,False,False,False,1,False,4.0,0,0.5,0.1111111111111111,False,False,False,True
8/7/2005,ENE,Nantes-to-Paris dir.,Other,,False,2,20,4,False,False,False,False,1,False,9.5,0,0.0,0.15,False,False,False,True
8/3/2005,SSE,Atlanta-to-St. Pete dir.,Other,,False,3,24,6,False,False,False,False,2,False,7.333333333333333,0,0.6666666666666666,0.16666666666666666,False,False,False,True
7/31/2005,ENE,Vane dir.,Other,,False,2,9,2,False,False,False,False,1,False,4.0,0,0.5,0.1111111111111111,False,False,False,True
7/3/2005,SSW,Brisbane-to-Sydney dir.,Other,,False,2,23,4,False,False,False,False,1,False,11.0,0,0.5,0.13043478260869565,False,False,False,True
6/8/2005,SSE,Vane dir.,Other,,False,2,9,2,False,False,False,False,1,False,4.0,0,0.5,0.1111111111111111,False,False,False,True
6/1/2005,NNE,Vane dir.,Other,,False,2,9,2,False,False,False,False,1,False,4.0,0,0.5,0.1111111111111111,False,False,False,True
5/31/2005,ENE,Pittsburgh-to-Boston dir.,Other,,False,2,25,4,False,False,False,False,1,False,12.0,0,0.5,0.12,False,False,False,True
5/17/2005,ESE,San Jose-to-Fresno dir.,Other,,False,3,23,5,False,False,False,False,1,False,7.0,0,0.6666666666666666,0.13043478260869565,False,False,False,True
5/4/2005,ESE,Nice-to-Rome dir.,Other,,False,2,17,4,False,False,False,False,1,False,8.0,0,0.0,0.17647058823529413,False,False,False,True
4/26/2005,NNE,Vane dir.,Other,,False,2,9,2,False,False,False,False,1,False,4.0,0,0.5,0.1111111111111111,False,False,False,True
4/10/2005,ENE,Lake Erie-to-Lake Ontario dir.,Other,,False,4,30,6,False,False,False,False,1,False,6.75,0,0.5,0.1,False,False,False,True
4/8/2005,WSW,Wind dir.,Other,,False,2,9,2,False,False,False,False,1,False,4.0,0,0.5,0.1111111111111111,False,False,False,True
3/20/2005,NNE,San Antonio-to-Ft. Worth dir.,Other,,False,4,29,7,False,False,False,False,2,False,6.5,0,0.75,0.13793103448275862,False,False,False,True
2/24/2005,SSE,Dir. for a ship,Other,,False,4,15,4,False,False,False,False,1,False,3.0,0,0.25,0.06666666666666667,False,False,False,True
2/15/2005,SSE,Copenhagen-to-Prague dir.,Other,,False,2,25,4,False,False,False,False,1,False,12.0,0,0.0,0.12,False,False,False,True
2/13/2005,ESE,Erie-to-Phila. dir.,Other,,False,2,19,5,False,False,False,False,2,False,9.0,0,0.5,0.21052631578947367,False,False,False,True
1/16/2005,ENE,Map dir.,Other,,False,2,8,2,False,False,False,False,1,False,3.5,0,0.5,0.125,False,False,False,True
12/29/2004,ENE,Buffalo-to-Rochester dir.,Other,,False,2,25,4,False,False,False,False,1,False,12.0,0,0.5,0.12,False,False,False,True
12/5/2004,ESE,Fort Smith-to-Little Rock dir.,Other,,False,4,30,6,False,False,False,False,1,False,6.75,0,0.75,0.1,False,False,False,True
11/18/2004,ENE,Reno-to-Elko dir.,Other,,False,2,17,4,False,False,False,False,1,False,8.0,0,0.0,0.17647058823529413,False,False,False,True
11/3/2004,ESE,Vane dir.,Other,,False,2,9,2,False,False,False,False,1,False,4.0,0,0.5,0.1111111111111111,False,False,False,True
10/24/2004,SSE,Birmingham-to-Montgomery dir.,Other,,False,2,29,4,False,False,False,False,1,False,14.0,0,0.0,0.10344827586206896,False,False,False,True
10/11/2004,SSE,Chicago-to-Atlanta dir.,Other,,False,2,23,4,False,False,False,False,1,False,11.0,0,0.0,0.13043478260869565,False,False,False,True
10/9/2004,NNE,Bristol-to-Birmingham dir.,Other,,False,2,26,4,False,False,False,False,1,False,12.5,0,0.5,0.11538461538461539,False,False,False,True
10/2/2004,SSW,General dir. of the Connecticut River between Vt. and N.H.,Other,,False,10,58,13,False,False,False,False,4,False,4.9,0,0.5,0.06896551724137931,False,False,False,True
9/30/2004,NNE,Tampa-to-Jacksonville dir.,Other,,False,2,26,4,False,False,False,False,1,False,12.5,0,0.5,0.11538461538461539,False,False,False,True
9/5/2004,SSE,Flagstaff-to-Tucson dir.,Other,,False,2,24,4,False,False,False,False,1,False,11.5,0,0.5,0.125,False,False,False,True
7/25/2004,WNW,Tucson-to-L.A. dir.,Other,,False,2,19,6,False,False,False,False,3,False,9.0,0,0.5,0.2631578947368421,False,False,False,True
7/18/2004,ESE,Saskatoon-to-Winnipeg dir.,Other,,False,2,26,4,False,False,False,False,1,False,12.5,0,0.0,0.11538461538461539,False,False,False,True
7/7/2004,NNE,Wichita-to-Omaha dir.,Other,,False,2,21,4,False,False,False,False,1,False,10.0,0,0.0,0.14285714285714285,False,False,False,True
6/30/2004,ENE,Vane dir.,Other,,False,2,9,2,False,False,False,False,1,False,4.0,0,0.5,0.1111111111111111,False,False,False,True
6/26/2004,ESE,Liverpool-to-Nottingham dir.,Other,,False,2,28,4,False,False,False,False,1,False,13.5,0,0.0,0.10714285714285714,False,False,False,True
5/9/2004,ENE,Bikini-to-Oahu dir.,Other,,False,2,19,4,False,False,False,False,1,False,9.0,0,0.5,0.15789473684210525,False,False,False,True
5/4/2004,SSE,Seattle-to-Las Vegas dir.,Other,,False,3,25,5,False,False,False,False,1,False,7.666666666666667,0,0.6666666666666666,0.12,False,False,False,True
5/2/2004,SSE,Compass dir.,Other,,False,2,12,2,False,False,False,False,1,False,5.5,0,0.5,0.08333333333333333,False,False,False,True
4/13/2004,SSE,Chicago-to-Tampa dir.,Other,,False,2,21,4,False,False,False,False,1,False,10.0,0,0.0,0.14285714285714285,False,False,False,True
3/21/2004,ESE,Syracuse-to-Albany dir.,Other,,False,2,23,4,False,False,False,False,1,False,11.0,0,0.0,0.13043478260869565,False,False,False,True
3/17/2004,NNW,Hurricane dir.,Other,,False,2,14,2,False,False,False,False,1,False,6.5,0,0.5,0.07142857142857142,False,False,False,True
3/7/2004,ENE,St. Louis-to-Indianapolis dir.,Other,,False,3,30,6,False,False,False,False,2,False,9.333333333333334,0,0.6666666666666666,0.13333333333333333,False,False,False,True
2/26/2004,ESE,Richmond-to-Virginia Beach dir.,Other,,False,3,31,5,False,False,False,False,1,False,9.666666666666666,0,0.6666666666666666,0.0967741935483871,False,False,False,True
1/25/2004,ENE,Toronto-to-Ottawa dir.,Other,,False,2,22,4,False,False,False,False,1,False,10.5,0,0.0,0.13636363636363635,False,False,False,True
1/15/2004,ESE,Compass dir. often seen in crosswords,Other,,False,6,37,6,False,False,False,False,1,False,5.333333333333333,0,0.16666666666666666,0.02702702702702703,False,False,False,True
12/19/2003,NNE,Austin-to-Dallas dir.,Other,,False,2,21,4,False,False,False,False,1,False,10.0,0,0.0,0.14285714285714285,False,False,False,True
12/18/2003,NNE,Dayton-to-Toledo dir.,Other,,False,2,21,4,False,False,False,False,1,False,10.0,0,0.5,0.14285714285714285,False,False,False,True
12/14/2003,NNE,Phoenix-to-Flagstaff dir.,Other,,False,2,25,4,False,False,False,False,1,False,12.0,0,0.0,0.12,False,False,False,True
12/8/2003,SSE,Chicago-to-Miami dir.,Other,,False,2,21,4,False,False,False,False,1,False,10.0,0,0.0,0.14285714285714285,False,False,False,True
11/16/2003,SSE,Jacksonville-to-Miami dir.,Other,,False,2,26,4,False,False,False,False,1,False,12.5,0,0.0,0.11538461538461539,False,False,False,True
11/15/2003,ENE,Plymouth-to-London dir.,Other,,False,2,23,4,False,False,False,False,1,False,11.0,0,0.0,0.13043478260869565,False,False,False,True
11/13/2003,ENE,General dir. of the St. Lawrence River,Other,,False,7,38,8,False,False,False,False,2,False,4.571428571428571,0,0.5714285714285714,0.05263157894736842,False,False,False,True
10/21/2003,SSE,Indianapolis-to-Atlanta dir.,Other,,False,2,28,4,False,False,False,False,1,False,13.5,0,0.0,0.10714285714285714,False,False,False,True
9/11/2003,ENE,Macon-to-Augusta dir.,Other,,False,2,21,4,False,False,False,False,1,False,10.0,0,0.0,0.14285714285714285,False,False,False,True
6/11/2003,SSW,Sacramento-to-Santa Cruz dir.,Other,,False,3,29,5,False,False,False,False,1,False,9.0,0,0.3333333333333333,0.10344827586206896,False,False,False,True
6/8/2003,NNE,St. Louis-to-Peoria's dir.,Other,,False,3,26,7,False,False,False,False,2,False,8.0,0,0.6666666666666666,0.19230769230769232,False,False,False,True
5/11/2003,NNE,Ft. Myers-to-Daytona Beach dir.,Other,,False,4,31,7,False,False,False,False,2,False,7.0,0,0.75,0.12903225806451613,False,False,False,True
5/4/2003,WNW,Vane dir.,Other,,False,2,9,2,False,False,False,False,1,False,4.0,0,0.5,0.1111111111111111,False,False,False,True
4/20/2003,ENE,Memphis-to-Nashville dir.,Other,,False,2,25,4,False,False,False,False,1,False,12.0,0,0.5,0.12,False,False,False,True
4/9/2003,WNW,Vane dir.,Other,,False,2,9,2,False,False,False,False,1,False,4.0,0,0.5,0.1111111111111111,False,False,False,True
4/2/2003,ENE,Toronto-to-Ottawa dir.,Other,,False,2,22,4,False,False,False,False,1,False,10.5,0,0.0,0.13636363636363635,False,False,False,True
3/26/2003,ENE,Wind dir.,Other,,False,2,9,2,False,False,False,False,1,False,4.0,0,0.5,0.1111111111111111,False,False,False,True
3/23/2003,ESE,Lubbock-to-Abilene dir.,Other,,False,2,23,4,False,False,False,False,1,False,11.0,0,0.0,0.13043478260869565,False,False,False,True
1/5/2003,SSW,Fairbanks-to-Anchorage dir.,Other,,False,2,27,4,False,False,False,False,1,False,13.0,0,0.0,0.1111111111111111,False,False,False,True
12/31/2002,ESE,Cleveland-to-Baltimore dir.,Other,,False,2,27,4,False,False,False,False,1,False,13.0,0,0.0,0.1111111111111111,False,False,False,True
11/28/2002,NNE,Las Cruces-to-Santa Fe dir.,Other,,False,4,27,6,False,False,False,False,1,False,6.0,0,0.75,0.1111111111111111,False,False,False,True
10/18/2002,SSE,Maui-to-Hawaii dir.,Other,,False,2,19,4,False,False,False,False,1,False,9.0,0,0.0,0.15789473684210525,False,False,False,True
10/6/2002,ESE,Rome-to-Athens dir.,Other,,False,2,19,4,False,False,False,False,1,False,9.0,0,0.0,0.15789473684210525,False,False,False,True
10/2/2002,NNE,San Antonio-to-Dallas dir.,Other,,False,3,26,5,False,False,False,False,1,False,8.0,0,0.6666666666666666,0.11538461538461539,False,False,False,True
9/1/2002,NNE,Charlotte-to-Winston-Salem dir.,Other,,False,2,31,5,False,False,False,False,1,False,15.0,0,0.5,0.12903225806451613,False,False,False,True
8/22/2002,SSE,Salt Lake City-to-Provo dir.,Other,,False,4,28,6,False,False,False,False,1,False,6.25,0,0.75,0.10714285714285714,False,False,False,True
7/31/2002,ESE,Oxford-to-London dir.,Other,,False,2,21,4,False,False,False,False,1,False,10.0,0,0.0,0.14285714285714285,False,False,False,True
7/17/2002,SSW,Chicago-to-Memphis dir.,Other,,False,2,23,4,False,False,False,False,1,False,11.0,0,0.0,0.13043478260869565,False,False,False,True
6/9/2002,SSE,Venice-to-Naples dir.,Other,,False,2,21,4,False,False,False,False,1,False,10.0,0,0.0,0.14285714285714285,False,False,False,True
5/2/2002,NNE,San Antonio-to-Ft. Worth dir.,Other,,False,4,29,7,False,False,False,False,2,False,6.5,0,0.75,0.13793103448275862,False,False,False,True
3/23/2002,ESE,Abilene-to-Waco dir.,Other,,False,2,20,4,False,False,False,False,1,False,9.5,0,0.0,0.15,False,False,False,True
3/19/2002,SSE,Wind dir.,Other,,False,2,9,2,False,False,False,False,1,False,4.0,0,0.5,0.1111111111111111,False,False,False,True
3/3/2002,ESE,London-to-Dover dir.,Other,,False,2,20,4,False,False,False,False,1,False,9.5,0,0.0,0.15,False,False,False,True
2/23/2002,NNE,Mobile-to-Huntsville dir.,Other,,False,2,25,4,False,False,False,False,1,False,12.0,0,0.5,0.12,False,False,False,True
2/13/2002,ENE,Wind dir.,Other,,False,2,9,2,False,False,False,False,1,False,4.0,0,0.5,0.1111111111111111,False,False,False,True
2/4/2002,SSW,Salt Lake City-to-Las Vegas dir.,Other,,False,5,32,7,False,False,False,False,1,False,5.6,0,0.8,0.09375,False,False,False,True
1/18/2002,ESE,Birmingham-to-Montgomery dir.,Other,,False,2,29,4,False,False,False,False,1,False,14.0,0,0.0,0.10344827586206896,False,False,False,True
12/23/2001,NNE,Natchez-to-Memphis dir.,Other,,False,2,23,4,False,False,False,False,1,False,11.0,0,0.0,0.13043478260869565,False,False,False,True
12/11/2001,ESE,Wind dir.,Other,,False,2,9,2,False,False,False,False,1,False,4.0,0,0.5,0.1111111111111111,False,False,False,True
11/21/2001,NNW,Tucson-to-Flagstaff dir.,Other,,False,2,24,4,False,False,False,False,1,False,11.5,0,0.0,0.125,False,False,False,True
11/1/2001,SSW,Flagstaff-to-Phoenix dir.,Other,,False,2,25,4,False,False,False,False,1,False,12.0,0,0.5,0.12,False,False,False,True
10/17/2001,SSW,Sacramento-to-San Jose dir.,Other,,False,3,27,5,False,False,False,False,1,False,8.333333333333334,0,0.6666666666666666,0.1111111111111111,False,False,False,True
10/6/2001,ESE,Edmonton-to-Regina dir.,Other,,False,2,23,4,False,False,False,False,1,False,11.0,0,0.5,0.13043478260869565,False,False,False,True
9/20/2001,SSE,Chicago-to-Louisville dir.,Other,,False,2,26,4,False,False,False,False,1,False,12.5,0,0.5,0.11538461538461539,False,False,False,True
9/13/2001,ESE,Richmond-to-Norfolk dir.,Other,,False,2,24,4,False,False,False,False,1,False,11.5,0,0.0,0.125,False,False,False,True
8/25/2001,SSE,Birmingham-to-Montgomery dir.,Other,,False,2,29,4,False,False,False,False,1,False,14.0,0,0.0,0.10344827586206896,False,False,False,True
8/12/2001,SSE,Daytona-to-Vero Beach dir.,Other,,False,3,26,5,False,False,False,False,1,False,8.0,0,0.6666666666666666,0.11538461538461539,False,False,False,True
8/11/2001,SSW,Duluth-to-St. Paul dir.,Other,,False,3,23,6,False,False,False,False,2,False,7.0,0,0.3333333333333333,0.17391304347826086,False,False,False,True
8/8/2001,NNE,Vane dir.,Other,,False,2,9,2,False,False,False,False,1,False,4.0,0,0.5,0.1111111111111111,False,False,False,True
7/15/2001,ESE,Le Havre-to-Paris dir.,Other,,False,3,22,5,False,False,False,False,1,False,6.666666666666667,0,0.6666666666666666,0.13636363636363635,False,False,False,True
5/20/2001,RIT,Musical dir.,Other,,False,2,12,2,False,False,False,False,1,False,5.5,0,0.0,0.08333333333333333,False,False,False,True
5/17/2001,ENE,Wind dir.,Other,,False,2,9,2,False,False,False,False,1,False,4.0,0,0.5,0.1111111111111111,False,False,False,True
5/11/2001,ENE,Vane dir.,Other,,False,2,9,2,False,False,False,False,1,False,4.0,0,0.5,0.1111111111111111,False,False,False,True
4/10/2001,NNE,Pittsburgh-to-Buffalo dir.,Other,,False,2,26,4,False,False,False,False,1,False,12.5,0,0.0,0.11538461538461539,False,False,False,True
2/4/2001,SSW,Berlin-to-Leipzig dir.,Other,,False,2,22,4,False,False,False,False,1,False,10.5,0,0.5,0.13636363636363635,False,False,False,True
1/16/2001,ENE,Compass dir.,Other,,False,2,12,2,False,False,False,False,1,False,5.5,0,0.5,0.08333333333333333,False,False,False,True
1/5/2001,SSE,Venice-to-Naples dir.,Other,,False,2,21,4,False,False,False,False,1,False,10.0,0,0.0,0.14285714285714285,False,False,False,True
12/3/2000,SSE,Budapest-to-Belgrade dir.,Other,,False,2,25,4,False,False,False,False,1,False,12.0,0,0.0,0.12,False,False,False,True
10/28/2000,NNE,Munich-to-Berlin dir.,Other,,False,2,21,4,False,False,False,False,1,False,10.0,0,0.5,0.14285714285714285,False,False,False,True
10/19/2000,SSE,Orlando-to-Miami dir.,Other,,False,2,21,4,False,False,False,False,1,False,10.0,0,0.0,0.14285714285714285,False,False,False,True
10/12/2000,SSE,Wind dir.,Other,,False,2,9,2,False,False,False,False,1,False,4.0,0,0.5,0.1111111111111111,False,False,False,True
8/2/2000,SSE,Dallas-to-Houston dir.,Other,,False,2,22,4,False,False,False,False,1,False,10.5,0,0.5,0.13636363636363635,False,False,False,True
7/6/2000,ESE,Richmond-to-Norfolk dir.,Other,,False,2,24,4,False,False,False,False,1,False,11.5,0,0.0,0.125,False,False,False,True
6/29/2000,ENE,Memphis-to-Nashville dir.,Other,,False,2,25,4,False,False,False,False,1,False,12.0,0,0.5,0.12,False,False,False,True
6/18/2000,SSE,Atlanta-to-Miami dir.,Other,,False,2,21,4,False,False,False,False,1,False,10.0,0,0.0,0.14285714285714285,False,False,False,True
5/23/2000,SSE,Atlanta-to-Tampa dir.,Other,,False,2,21,4,False,False,False,False,1,False,10.0,0,0.0,0.14285714285714285,False,False,False,True
4/27/2000,ENE,Charlotte-to-Raleigh dir.,Other,,False,2,25,4,False,False,False,False,1,False,12.0,0,0.0,0.12,False,False,False,True
2/27/2000,SSE,Memphis-to-Biloxi dir.,Other,,False,2,22,4,False,False,False,False,1,False,10.5,0,0.0,0.13636363636363635,False,False,False,True
2/24/2000,ESE,Nashville-to-Chattanooga dir.,Other,,False,2,29,4,False,False,False,False,1,False,14.0,0,0.0,0.10344827586206896,False,False,False,True
2/16/2000,SSW,St. Louis-to-Little Rock dir.,Other,,False,4,29,7,False,False,False,False,2,False,6.5,0,0.75,0.13793103448275862,False,False,False,True
2/10/2000,SSE,Khartoum-to-Nairobi dir.,Other,,False,2,24,4,False,False,False,False,1,False,11.5,0,0.5,0.125,False,False,False,True
1/27/2000,ESE,Lansing-to-Detroit dir.,Other,,False,2,23,4,False,False,False,False,1,False,11.0,0,0.0,0.13043478260869565,False,False,False,True
1/23/2000,NNE,Vane dir.,Other,,False,2,9,2,False,False,False,False,1,False,4.0,0,0.5,0.1111111111111111,False,False,False,True
1/13/2000,ENE,Wind dir.,Other,,False,2,9,2,False,False,False,False,1,False,4.0,0,0.5,0.1111111111111111,False,False,False,True
1/12/2000,ESE,Hamburg-to-Berlin dir.,Other,,False,2,22,4,False,False,False,False,1,False,10.5,0,0.5,0.13636363636363635,False,False,False,True
1/2/2000,ENE,Toronto-to-Ottawa dir.,Other,,False,2,22,4,False,False,False,False,1,False,10.5,0,0.0,0.13636363636363635,False,False,False,True
12/19/1999,ESE,Wind dir.,Other,,False,2,9,2,False,False,False,False,1,False,4.0,0,0.5,0.1111111111111111,False,False,False,True
11/17/1999,SSE,Vane dir.,Other,,False,2,9,2,False,False,False,False,1,False,4.0,0,0.5,0.1111111111111111,False,False,False,True
11/14/1999,ENE,Tampa-to-Orlando dir.,Other,,False,2,21,4,False,False,False,False,1,False,10.0,0,0.0,0.14285714285714285,False,False,False,True
10/31/1999,NNW,Houston-to-Dallas dir.,Other,,False,2,22,4,False,False,False,False,1,False,10.5,0,0.5,0.13636363636363635,False,False,False,True
9/11/1999,ENE,Lansing-to-Flint dir.,Other,,False,2,21,4,False,False,False,False,1,False,10.0,0,0.0,0.14285714285714285,False,False,False,True
9/9/1999,WNW,Madrid-to-Avila dir.,Other,,False,2,20,4,False,False,False,False,1,False,9.5,0,0.0,0.15,False,False,False,True
8/15/1999,RIT,Musical dir.,Other,,False,2,12,2,False,False,False,False,1,False,5.5,0,0.0,0.08333333333333333,False,False,False,True
8/7/1999,ESE,Edmonton-to-Winnipeg dir.,Other,,False,2,25,4,False,False,False,False,1,False,12.0,0,0.0,0.12,False,False,False,True
7/25/1999,ENE,Charlotte-to-Raleigh dir.,Other,,False,2,25,4,False,False,False,False,1,False,12.0,0,0.0,0.12,False,False,False,True
7/22/1999,ESE,Oahu-to-Maui dir.,Other,,False,2,17,4,False,False,False,False,1,False,8.0,0,0.0,0.17647058823529413,False,False,False,True
6/30/1999,SSE,Atlanta-to-Miami dir.,Other,,False,2,21,4,False,False,False,False,1,False,10.0,0,0.0,0.14285714285714285,False,False,False,True
6/24/1999,NNE,Hurricane dir.,Other,,False,2,14,2,False,False,False,False,1,False,6.5,0,0.5,0.07142857142857142,False,False,False,True
6/20/1999,SSE,Santa Fe-to-Roswell dir.,Other,,False,3,24,5,False,False,False,False,1,False,7.333333333333333,0,0.6666666666666666,0.125,False,False,False,True
5/16/1999,NNE,Ship's dir.,Other,,False,2,11,3,False,False,False,False,1,False,5.0,0,0.5,0.18181818181818182,False,False,False,True
3/25/1999,ESE,London-to-Dover dir.,Other,,False,2,20,4,False,False,False,False,1,False,9.5,0,0.0,0.15,False,False,False,True
3/14/1999,SSE,Abilene-to-San Antonio dir.,Other,,False,3,27,5,False,False,False,False,1,False,8.333333333333334,0,0.3333333333333333,0.1111111111111111,False,False,False,True
2/27/1999,NNE,Butte-to-Great Falls dir.,Other,,False,3,25,5,False,False,False,False,1,False,7.666666666666667,0,0.6666666666666666,0.12,False,False,False,True
2/7/1999,ESE,Ship's dir.,Other,,False,2,11,3,False,False,False,False,1,False,5.0,0,0.5,0.18181818181818182,False,False,False,True
12/27/1998,ENE,Lansing-to-Flint dir.,Other,,False,2,21,4,False,False,False,False,1,False,10.0,0,0.0,0.14285714285714285,False,False,False,True
12/19/1998,ESE,Dir. the Ebro flows,Other,,False,4,19,4,False,False,False,False,1,False,4.0,0,0.5,0.05263157894736842,False,False,False,True
12/17/1998,ENE,Compass dir.,Other,,False,2,12,2,False,False,False,False,1,False,5.5,0,0.5,0.08333333333333333,False,False,False,True
12/16/1998,ENE,Vane dir.,Other,,False,2,9,2,False,False,False,False,1,False,4.0,0,0.5,0.1111111111111111,False,False,False,True
12/6/1998,NNE,Anchorage-to-Fairbanks dir.,Other,,False,2,27,4,False,False,False,False,1,False,13.0,0,0.0,0.1111111111111111,False,False,False,True
10/15/1998,SSE,Moscow-to-Volgograd dir.,Other,,False,2,24,4,False,False,False,False,1,False,11.5,0,0.0,0.125,False,False,False,True
9/18/1998,NNE,Mobile-to-Birmingham dir.,Other,,False,2,25,4,False,False,False,False,1,False,12.0,0,0.5,0.12,False,False,False,True
9/11/1998,ESE,Abilene-to-Waco dir.,Other,,False,2,20,4,False,False,False,False,1,False,9.5,0,0.0,0.15,False,False,False,True
8/26/1998,ENE,Wind dir.,Other,,False,2,9,2,False,False,False,False,1,False,4.0,0,0.5,0.1111111111111111,False,False,False,True
8/1/1998,ENE,Charlotte-to-Raleigh dir.,Other,,False,2,25,4,False,False,False,False,1,False,12.0,0,0.0,0.12,False,False,False,True
7/29/1998,ENE,Mali-to-Libya dir.,Other,,False,2,18,4,False,False,False,False,1,False,8.5,0,0.0,0.16666666666666666,False,False,False,True
7/9/1998,LOQ,"Stage dir. meaning ""begins to speak""",Other,,False,6,36,8,False,False,False,False,1,False,5.166666666666667,0,0.0,0.08333333333333333,False,False,False,True
6/28/1998,ESE,Oahu-to-Maui dir.,Other,,False,2,17,4,False,False,False,False,1,False,8.0,0,0.0,0.17647058823529413,False,False,False,True
6/17/1998,ESE,Quito-to-Rio dir.,Other,,False,2,17,4,False,False,False,False,1,False,8.0,0,0.0,0.17647058823529413,False,False,False,True
6/11/1998,ESE,Vane dir.,Other,,False,2,9,2,False,False,False,False,1,False,4.0,0,0.5,0.1111111111111111,False,False,False,True
6/7/1998,ESE,Charlottesville-to-Richmond dir.,Other,,False,2,32,4,False,False,False,False,1,False,15.5,0,0.0,0.09375,False,False,False,True
6/2/1998,ENE,Atlanta-to-Raleigh dir.,Other,,False,2,23,4,False,False,False,False,1,False,11.0,0,0.0,0.13043478260869565,False,False,False,True
5/28/1998,ESE,Amarillo-to-Dallas dir.,Other,,False,2,23,4,False,False,False,False,1,False,11.0,0,0.0,0.13043478260869565,False,False,False,True
5/12/1998,NNE,Niger-to-Libya dir.,Other,,False,2,19,4,False,False,False,False,1,False,9.0,0,0.0,0.15789473684210525,False,False,False,True
4/29/1998,NNE,Paris-to-Amsterdam dir.,Other,,False,2,23,4,False,False,False,False,1,False,11.0,0,0.0,0.13043478260869565,False,False,False,True
4/24/1998,ENE,Toronto-to-Ottawa dir.,Other,,False,2,22,4,False,False,False,False,1,False,10.5,0,0.0,0.13636363636363635,False,False,False,True
4/2/1998,SSE,Fresno-to-L.A. dir.,Other,,False,2,19,6,False,False,False,False,3,False,9.0,0,0.5,0.2631578947368421,False,False,False,True
3/5/1998,SSE,Maui-to-Hawaii dir.,Other,,False,2,19,4,False,False,False,False,1,False,9.0,0,0.0,0.15789473684210525,False,False,False,True
2/27/1998,ENE,Compass dir.,Other,,False,2,12,2,False,False,False,False,1,False,5.5,0,0.5,0.08333333333333333,False,False,False,True
2/24/1998,SSE,Atlanta-to-Tampa dir.,Other,,False,2,21,4,False,False,False,False,1,False,10.0,0,0.0,0.14285714285714285,False,False,False,True
2/15/1998,ENE,Copenhagen-to-Riga dir.,Other,,False,2,23,4,False,False,False,False,1,False,11.0,0,0.0,0.13043478260869565,False,False,False,True
1/18/1998,WSW,Berlin-to-Cologne dir.,Other,,False,2,22,4,False,False,False,False,1,False,10.5,0,0.5,0.13636363636363635,False,False,False,True
12/30/1997,SSE,Atlanta-to-Tampa dir.,Other,,False,2,21,4,False,False,False,False,1,False,10.0,0,0.0,0.14285714285714285,False,False,False,True
12/21/1997,ESE,Toledo-to-Akron dir.,Other,,False,2,20,4,False,False,False,False,1,False,9.5,0,0.5,0.15,False,False,False,True
12/10/1997,ENE,Mariner's dir.,Other,,False,2,14,3,False,False,False,False,1,False,6.5,0,0.5,0.14285714285714285,False,False,False,True
11/23/1997,NNE,Mariner's dir.,Other,,False,2,14,3,False,False,False,False,1,False,6.5,0,0.5,0.14285714285714285,False,False,False,True
11/19/1997,SSE,Quito-to-La Paz dir.,Other,,False,3,20,5,False,False,False,False,1,False,6.0,0,0.3333333333333333,0.15,False,False,False,True
11/9/1997,ENE,Trenton-to-Newark dir.,Other,,False,2,22,4,False,False,False,False,1,False,10.5,0,0.5,0.13636363636363635,False,False,False,True
10/5/1997,ENE,Charlotte-to-Raleigh dir.,Other,,False,2,25,4,False,False,False,False,1,False,12.0,0,0.0,0.12,False,False,False,True
10/1/1997,ENE,Sao Paulo-to-Rio dir.,Other,,False,3,21,5,False,False,False,False,1,False,6.333333333333333,0,0.6666666666666666,0.14285714285714285,False,False,False,True
8/29/1997,SSW,London-to-Lisbon dir.,Other,,False,2,21,4,False,False,False,False,1,False,10.0,0,0.5,0.14285714285714285,False,False,False,True
8/3/1997,SSE,Compass dir.,Other,,False,2,12,2,False,False,False,False,1,False,5.5,0,0.5,0.08333333333333333,False,False,False,True
7/13/1997,SSW,Vane dir.,Other,,False,2,9,2,False,False,False,False,1,False,4.0,0,0.5,0.1111111111111111,False,False,False,True
7/6/1997,ESE,Yacht's dir.,Other,,False,2,12,3,False,False,False,False,1,False,5.5,0,0.5,0.16666666666666666,False,False,False,True
6/15/1997,NNE,Storm dir.,Other,,False,2,10,2,False,False,False,False,1,False,4.5,0,0.5,0.1,False,False,False,True
5/31/1997,ENE,Osaka-to-Tokyo dir.,Other,,False,2,19,4,False,False,False,False,1,False,9.0,0,0.0,0.15789473684210525,False,False,False,True
5/14/1997,NNE,Navigator's dir.,Other,,False,2,16,3,False,False,False,False,1,False,7.5,0,0.5,0.125,False,False,False,True
5/11/1997,SSW,Dallas-to-San Antonio dir.,Other,,False,3,26,5,False,False,False,False,1,False,8.0,0,0.6666666666666666,0.11538461538461539,False,False,False,True
5/10/1997,SSE,Mariner's dir.,Other,,False,2,14,3,False,False,False,False,1,False,6.5,0,0.5,0.14285714285714285,False,False,False,True
5/4/1997,NNE,Tampa-to-Jacksonville dir.,Other,,False,2,26,4,False,False,False,False,1,False,12.5,0,0.5,0.11538461538461539,False,False,False,True
4/9/1997,ESE,Lubbock-to-Fort Worth dir.,Other,,False,3,26,5,False,False,False,False,1,False,8.0,0,0.6666666666666666,0.11538461538461539,False,False,False,True
3/30/1997,NNE,Liverpool-to-Newcastle dir.,Other,,False,2,27,4,False,False,False,False,1,False,13.0,0,0.0,0.1111111111111111,False,False,False,True
3/20/1997,ENE,Wind dir.,Other,,False,2,9,2,False,False,False,False,1,False,4.0,0,0.5,0.1111111111111111,False,False,False,True
3/7/1997,NNE,Austin-to-Dallas dir.,Other,,False,2,21,4,False,False,False,False,1,False,10.0,0,0.0,0.14285714285714285,False,False,False,True
3/5/1997,ESE,Vane dir.,Other,,False,2,9,2,False,False,False,False,1,False,4.0,0,0.5,0.1111111111111111,False,False,False,True
3/2/1997,SSE,Paris-to-Marseilles dir.,Other,,False,2,24,4,False,False,False,False,1,False,11.5,0,0.0,0.125,False,False,False,True
2/13/1997,SSE,Wind dir.,Other,,False,2,9,2,False,False,False,False,1,False,4.0,0,0.5,0.1111111111111111,False,False,False,True
2/5/1997,SSW,Philly-to-Norfolk dir.,Other,,False,2,22,4,False,False,False,False,1,False,10.5,0,0.5,0.13636363636363635,False,False,False,True
2/4/1997,ENE,Ariz.-to-Kan. dir.,Other,,False,2,18,6,False,False,False,False,3,False,8.5,0,0.5,0.2777777777777778,False,False,False,True
12/3/1996,ESE,Wind dir.,Other,,False,2,9,2,False,False,False,False,1,False,4.0,0,0.5,0.1111111111111111,False,False,False,True
12/1/1996,NNW,Wind dir.,Other,,False,2,9,2,False,False,False,False,1,False,4.0,0,0.5,0.1111111111111111,False,False,False,True
11/15/1996,RIT,Musical dir.,Other,,False,2,12,2,False,False,False,False,1,False,5.5,0,0.0,0.08333333333333333,False,False,False,True
11/7/1996,ENE,Ariz.-to-Kan. dir.,Other,,False,2,18,6,False,False,False,False,3,False,8.5,0,0.5,0.2777777777777778,False,False,False,True
10/10/1996,ENE,Dir. heading,Other,,False,2,12,2,False,False,False,False,1,False,5.5,0,0.5,0.08333333333333333,False,False,False,True
8/20/1996,ESE,S.F.-to-Vegas dir.,Other,,False,2,18,6,False,False,False,False,3,False,8.5,0,0.0,0.2777777777777778,False,False,False,True
8/17/1996,ENE,Compass dir.,Other,,False,2,12,2,False,False,False,False,1,False,5.5,0,0.5,0.08333333333333333,False,False,False,True
7/30/1996,ENE,Toronto-to-Montreal dir.,Other,,False,2,24,4,False,False,False,False,1,False,11.5,0,0.0,0.125,False,False,False,True
7/26/1996,ESE,London-to-Dover dir.,Other,,False,2,20,4,False,False,False,False,1,False,9.5,0,0.0,0.15,False,False,False,True
5/8/1996,NNE,Vane dir.,Other,,False,2,9,2,False,False,False,False,1,False,4.0,0,0.5,0.1111111111111111,False,False,False,True
4/28/1996,ENE,Chicago-Detroit dir.,Other,,False,2,20,3,False,False,False,False,1,False,9.5,0,0.0,0.1,False,False,False,True
3/5/1996,SSW,Dallas-to-Austin dir.,Other,,False,2,21,4,False,False,False,False,1,False,10.0,0,0.5,0.14285714285714285,False,False,False,True
2/11/1996,ESE,Compass dir.,Other,,False,2,12,2,False,False,False,False,1,False,5.5,0,0.5,0.08333333333333333,False,False,False,True
2/3/1996,SSE,Pilot's dir.,Other,,False,2,12,3,False,False,False,False,1,False,5.5,0,0.0,0.16666666666666666,False,False,False,True
12/7/1995,SSE,Vane dir.,Other,,False,2,9,2,False,False,False,False,1,False,4.0,0,0.5,0.1111111111111111,False,False,False,True
11/25/1995,ENE,Compass dir.,Other,,False,2,12,2,False,False,False,False,1,False,5.5,0,0.5,0.08333333333333333,False,False,False,True
11/4/1995,SSE,Vane dir.,Other,,False,2,9,2,False,False,False,False,1,False,4.0,0,0.5,0.1111111111111111,False,False,False,True
10/10/1995,ESE,S.F.-to-L.A. dir.,Other,,False,2,17,8,False,False,False,False,5,False,8.0,0,0.0,0.4117647058823529,False,False,False,True
9/30/1995,NNE,Wind dir.,Other,,False,2,9,2,False,False,False,False,1,False,4.0,0,0.5,0.1111111111111111,False,False,False,True
8/16/1995,NNW,L.A.-to-Seattle dir.,Other,,False,2,20,6,False,False,False,False,3,False,9.5,0,0.0,0.25,False,False,False,True
8/13/1995,SSE,Vane dir.,Other,,False,2,9,2,False,False,False,False,1,False,4.0,0,0.5,0.1111111111111111,False,False,False,True
8/8/1995,SSE,Dallas-to-Houston dir.,Other,,False,2,22,4,False,False,False,False,1,False,10.5,0,0.5,0.13636363636363635,False,False,False,True
6/30/1995,ENE,Vane dir.,Other,,False,2,9,2,False,False,False,False,1,False,4.0,0,0.5,0.1111111111111111,False,False,False,True
6/18/1995,WSW,Vane dir.,Other,,False,2,9,2,False,False,False,False,1,False,4.0,0,0.5,0.1111111111111111,False,False,False,True
6/17/1995,ENE,Denver-to-Chicago dir.,Other,,False,2,22,4,False,False,False,False,1,False,10.5,0,0.0,0.13636363636363635,False,False,False,True
6/1/1995,ENE,Vane dir.,Other,,False,2,9,2,False,False,False,False,1,False,4.0,0,0.5,0.1111111111111111,False,False,False,True
5/31/1995,ENE,Mariner's dir.,Other,,False,2,14,3,False,False,False,False,1,False,6.5,0,0.5,0.14285714285714285,False,False,False,True
1/24/1995,SSE,Chicago-to-Atlanta dir.,Other,,False,2,23,4,False,False,False,False,1,False,11.0,0,0.0,0.13043478260869565,False,False,False,True
1/19/1995,ENE,Compass dir.,Other,,False,2,12,2,False,False,False,False,1,False,5.5,0,0.5,0.08333333333333333,False,False,False,True
1/4/1995,NNE,Wind dir.,Other,,False,2,9,2,False,False,False,False,1,False,4.0,0,0.5,0.1111111111111111,False,False,False,True
12/10/1994,SSE,Compass dir.,Other,,False,2,12,2,False,False,False,False,1,False,5.5,0,0.5,0.08333333333333333,False,False,False,True
10/20/1994,SSE,Mariner's dir.,Other,,False,2,14,3,False,False,False,False,1,False,6.5,0,0.5,0.14285714285714285,False,False,False,True
9/21/1994,SSE,Vane dir.,Other,,False,2,9,2,False,False,False,False,1,False,4.0,0,0.5,0.1111111111111111,False,False,False,True
8/14/1994,ENE,Compass dir.,Other,,False,2,12,2,False,False,False,False,1,False,5.5,0,0.5,0.08333333333333333,False,False,False,True
7/13/1994,NNE,Wind dir.,Other,,False,2,9,2,False,False,False,False,1,False,4.0,0,0.5,0.1111111111111111,False,False,False,True
7/2/1994,SSE,Compass dir.,Other,,False,2,12,2,False,False,False,False,1,False,5.5,0,0.5,0.08333333333333333,False,False,False,True
6/17/1994,NNE,Houston-to-Chicago dir.,Other,,False,2,23,4,False,False,False,False,1,False,11.0,0,0.0,0.13043478260869565,False,False,False,True
5/29/1994,SSW,Compass dir.,Other,,False,2,12,2,False,False,False,False,1,False,5.5,0,0.5,0.08333333333333333,False,False,False,True
5/22/1994,ENE,Compass dir.,Other,,False,2,12,2,False,False,False,False,1,False,5.5,0,0.5,0.08333333333333333,False,False,False,True
4/23/1994,ENE,Compass dir.,Other,,False,2,12,2,False,False,False,False,1,False,5.5,0,0.5,0.08333333333333333,False,False,False,True
2/2/1994,SSE,Compass dir.,Other,,False,2,12,2,False,False,False,False,1,False,5.5,0,0.5,0.08333333333333333,False,False,False,True
1/8/1994,SSW,Vane dir.,Other,,False,2,9,2,False,False,False,False,1,False,4.0,0,0.5,0.1111111111111111,False,False,False,True
1/2/1994,ENE,Wind dir.,Other,,False,2,9,2,False,False,False,False,1,False,4.0,0,0.5,0.1111111111111111,False,False,False,True
12/17/1993,SSE,Compass dir.,Other,,False,2,12,2,False,False,False,False,1,False,5.5,0,0.5,0.08333333333333333,False,False,False,True
12/9/1993,ESE,Vane dir.,Other,,False,2,9,2,False,False,False,False,1,False,4.0,0,0.5,0.1111111111111111,False,False,False,True
12/6/1993,SSE,Compass dir.,Other,,False,2,12,2,False,False,False,False,1,False,5.5,0,0.5,0.08333333333333333,False,False,False,True
11/28/1993,ENE,Wind dir.,Other,,False,2,9,2,False,False,False,False,1,False,4.0,0,0.5,0.1111111111111111,False,False,False,True
11/25/1993,ENE,Wind dir.,Other,,False,2,9,2,False,False,False,False,1,False,4.0,0,0.5,0.1111111111111111,False,False,False,True
