Date,Word,Clue,Primary Cluster,Cluster,ends in question,number words,length of clue,no alphabet characters,is quote,contains underscore,contains asterisk,contains done,number of non-consecutive periods in clue,is ellipsis in clue,avg word length,number commas in clue,percentage words (other than first word) that are upper-case,number non a-z or 1-9 characters in clue,contains e.g.,contains etc.,in vocab,OnlyRoman,MentionsGeo,is analogy
10/21/2021,PALIN,Ferraro : Mondale :: ___ : McCain,Other,,False,7,33,13,False,True,False,False,0,False,3.857142857142857,0,0.2857142857142857,0.3939393939393939,False,False,False,False,False,True
10/17/2021,WINES,Bibliophile : books :: oenophile : ___,Other,,False,7,38,13,False,True,False,False,0,False,4.571428571428571,0,0.0,0.34210526315789475,False,False,True,False,False,True
9/27/2021,AGGIES,Longhorns : Texas :: ___ : Texas A&M,Other,,False,8,36,15,False,True,False,False,0,False,3.625,0,0.375,0.4166666666666667,False,False,True,False,False,True
9/26/2021,AMIGA,German : Freundin :: Spanish : ___,Other,,False,7,34,13,False,True,False,False,0,False,4.0,0,0.2857142857142857,0.38235294117647056,False,False,False,False,True,True
9/24/2021,RAND,Â£ : pound sterling :: R : ___,Other,,False,8,29,15,False,True,False,False,0,False,2.75,0,0.125,0.5172413793103449,False,False,True,False,False,True
9/19/2021,PESO,USD : dollar :: MXN : ___,Other,,False,7,25,13,False,True,False,False,0,False,2.7142857142857144,0,0.14285714285714285,0.52,False,False,True,False,False,True
9/15/2021,ORE,Cent : euro :: ___ : krona,Other,,False,7,26,13,False,True,False,False,0,False,2.857142857142857,0,0.0,0.5,False,False,True,False,False,True
8/15/2021,DASANI,Aquafina : PepsiCo :: ___ : Coca-Cola,Other,,False,7,37,14,False,True,False,False,0,False,4.428571428571429,0,0.42857142857142855,0.3783783783783784,False,False,False,False,False,True
7/23/2021,UNO,Diciembre : doce :: enero : ___,Other,,False,7,31,13,False,True,False,False,0,False,3.5714285714285716,0,0.0,0.41935483870967744,False,False,False,False,False,True
7/4/2021,TASTE,Auditory : sound :: gustatory : ___,Other,,False,7,35,13,False,True,False,False,0,False,4.142857142857143,0,0.0,0.37142857142857144,False,False,True,False,False,True
7/1/2021,HELLO,Hujambo : Swahili :: ___ : English,Other,,False,7,34,13,False,True,False,False,0,False,4.0,0,0.2857142857142857,0.38235294117647056,False,False,True,False,False,True
6/29/2021,HARRIS,Biden : Obama :: ___ : Biden,Other,,False,7,28,13,False,True,False,False,0,False,3.142857142857143,0,0.42857142857142855,0.4642857142857143,False,False,True,False,False,True
6/28/2021,EURO,$ : dollar :: &euro; : ___,Other,,False,7,26,16,False,True,False,False,0,False,2.857142857142857,0,0.0,0.6153846153846154,False,False,False,False,False,True
6/22/2021,TIGERS,Bruins : U.C.L.A. :: ___ : Princeton,Other,,False,7,36,17,False,True,False,False,4,False,4.285714285714286,0,0.2857142857142857,0.4722222222222222,False,False,True,False,False,True
5/24/2021,MEOW,Ribbit : frog :: ___ : cat,Other,,False,7,26,13,False,True,False,False,0,False,2.857142857142857,0,0.0,0.5,False,False,False,False,False,True
5/2/2021,BABOON,Cow : herd :: ___ : troop,Other,,False,7,25,13,False,True,False,False,0,False,2.7142857142857144,0,0.0,0.52,False,False,True,False,False,True
4/26/2021,BAA,Neigh : horse :: ___ : sheep,Other,,False,7,28,13,False,True,False,False,0,False,3.142857142857143,0,0.0,0.4642857142857143,False,False,True,False,False,True
4/8/2021,ASTRO,Dino : the Flintstones :: ___ : the Jetsons,Other,,False,9,43,15,False,True,False,False,0,False,3.888888888888889,0,0.2222222222222222,0.3488372093023256,False,False,False,False,False,True
2/21/2021,POD,Pride : lions :: ___ : dolphins,Other,,False,7,31,13,False,True,False,False,0,False,3.5714285714285716,0,0.0,0.41935483870967744,False,False,True,False,False,True
2/11/2021,ELMS,California : palms :: New England : ___,Other,,False,8,39,14,False,True,False,False,0,False,4.0,0,0.375,0.358974358974359,False,False,True,False,False,True
1/29/2021,SHARE,Twitter : retweet :: Facebook : ___,Other,,False,7,35,13,False,True,False,False,0,False,4.142857142857143,0,0.14285714285714285,0.37142857142857144,False,False,True,False,False,True
1/25/2021,CALF,Foal : mare :: ___ : cow,Other,,False,7,24,13,False,True,False,False,0,False,2.5714285714285716,0,0.0,0.5416666666666666,False,False,True,False,False,True
1/12/2021,PESO,Cordoba : Nicaragua :: ___ : Cuba,Other,,False,7,33,13,False,True,False,False,0,False,3.857142857142857,0,0.2857142857142857,0.3939393939393939,False,False,True,False,False,True
1/2/2021,AMIE,German : Freundin :: French : ___,Other,,False,7,33,13,False,True,False,False,0,False,3.857142857142857,0,0.2857142857142857,0.3939393939393939,False,False,False,False,True,True
12/27/2020,EMUS,Bevy : quails :: mob : ___,Other,,False,7,26,13,False,True,False,False,0,False,2.857142857142857,0,0.0,0.5,False,False,True,False,False,True
12/21/2020,BAAS,Neighs : horses :: ___ : sheep,Other,,False,7,30,13,False,True,False,False,0,False,3.4285714285714284,0,0.0,0.43333333333333335,False,False,True,False,False,True
12/13/2020,ODIN,Thor : Thursday :: ___ : Wednesday,Other,,False,7,34,13,False,True,False,False,0,False,4.0,0,0.2857142857142857,0.38235294117647056,False,False,True,False,False,True
11/5/2020,MOB,Pride : lions :: ___ : emus,Other,,False,7,27,13,False,True,False,False,0,False,3.0,0,0.0,0.48148148148148145,False,False,True,False,False,True
10/29/2020,PESO,Dinar : Iraq :: ___ : Chile,Other,,False,7,27,13,False,True,False,False,0,False,3.0,0,0.2857142857142857,0.48148148148148145,False,False,True,False,False,True
9/6/2020,IAN,Evan : Welsh :: ___ : Scottish,Other,,False,7,30,13,False,True,False,False,0,False,3.4285714285714284,0,0.2857142857142857,0.43333333333333335,False,False,True,False,False,True
9/3/2020,MAITRED,Theater : usher :: restaurant : ___,Other,,False,7,35,13,False,True,False,False,0,False,4.142857142857143,0,0.0,0.37142857142857144,False,False,False,False,False,True
8/28/2020,PARROT,Oscine : songbird :: psittacine : ___,Other,,False,7,37,13,False,True,False,False,0,False,4.428571428571429,0,0.0,0.35135135135135137,False,False,True,False,False,True
8/15/2020,TEAMO,"""Ich liebe dich"" : German :: ""___"" : Spanish",Other,,False,9,44,19,False,True,False,False,0,False,4.0,0,0.2222222222222222,0.4318181818181818,False,False,False,False,True,True
5/28/2020,TOAD,Pride : lion :: knot : ___,Other,,False,7,26,13,False,True,False,False,0,False,2.857142857142857,0,0.0,0.5,False,False,True,False,False,True
5/25/2020,ALPHA,___ : first :: omega : last,Other,,False,7,27,13,False,True,False,False,0,False,3.0,0,0.0,0.48148148148148145,False,False,True,False,False,True
5/24/2020,BEERS,Oenology : wines :: zythology : ___,Other,,False,7,35,13,False,True,False,False,0,False,4.142857142857143,0,0.0,0.37142857142857144,False,False,True,False,False,True
5/6/2020,ARROW,Barrel : cooper :: ___ : fletcher,Other,,False,7,33,13,False,True,False,False,0,False,3.857142857142857,0,0.0,0.3939393939393939,False,False,True,False,False,True
4/8/2020,DEER,Howl : wolf :: bell : ___,Other,,False,7,25,13,False,True,False,False,0,False,2.7142857142857144,0,0.0,0.52,False,False,True,False,False,True
4/4/2020,LLAMAS,Kids : goats :: crias : ___,Other,,False,7,27,13,False,True,False,False,0,False,3.0,0,0.0,0.48148148148148145,False,False,True,False,False,True
3/4/2020,EMU,Goose : gaggle :: ___ : mob,Other,,False,7,27,13,False,True,False,False,0,False,3.0,0,0.0,0.48148148148148145,False,False,True,False,False,True
2/29/2020,ARM,Cranial : skull :: brachial : ___,Other,,False,7,33,13,False,True,False,False,0,False,3.857142857142857,0,0.0,0.3939393939393939,False,False,True,False,False,True
2/8/2020,OWLS,Corvine : crows :: strigine : ___,Other,,False,7,33,13,False,True,False,False,0,False,3.857142857142857,0,0.0,0.3939393939393939,False,False,True,False,False,True
1/30/2020,WON,Lira : Turkey :: ___ : Korea,Other,,False,7,28,13,False,True,False,False,0,False,3.142857142857143,0,0.2857142857142857,0.4642857142857143,False,False,True,False,False,True
1/13/2020,ROMAN,Zeus : Greek :: Jupiter : ___,Other,,False,7,29,13,False,True,False,False,0,False,3.2857142857142856,0,0.2857142857142857,0.4482758620689655,False,False,True,False,False,True
1/11/2020,DOE,Sow : pig :: ___ : koala,Other,,False,7,24,13,False,True,False,False,0,False,2.5714285714285716,0,0.0,0.5416666666666666,False,False,True,False,False,True
1/8/2020,RIAL,Egypt : pound :: Iran : ___,Other,,False,7,27,13,False,True,False,False,0,False,3.0,0,0.14285714285714285,0.48148148148148145,False,False,True,False,False,True
11/10/2019,SWAN,Equine : horse :: cygnine : ___,Other,,False,7,31,13,False,True,False,False,0,False,3.5714285714285716,0,0.0,0.41935483870967744,False,False,True,False,False,True
10/17/2019,SRTA,Mlle. : France :: ___ : Spain,Other,,False,7,29,14,False,True,False,False,1,False,3.2857142857142856,0,0.42857142857142855,0.4827586206896552,False,False,False,False,True,True
10/2/2019,BRAHMA,Preserver : Vishnu :: Creator : ___,Other,,False,7,35,13,False,True,False,False,0,False,4.142857142857143,0,0.2857142857142857,0.37142857142857144,False,False,True,False,False,True
9/23/2019,OUI,Si: Spanish :: ___ : French,Other,,False,6,27,12,False,True,False,False,0,False,3.6666666666666665,0,0.3333333333333333,0.4444444444444444,False,False,False,False,True,True
9/12/2019,LOT,Alitalia : Italy :: ___ : Poland,Other,,False,7,32,13,False,True,False,False,0,False,3.7142857142857144,0,0.2857142857142857,0.40625,False,False,True,False,True,True
8/16/2019,COB,Gander : goose :: ___ : swan,Other,,False,7,28,13,False,True,False,False,0,False,3.142857142857143,0,0.0,0.4642857142857143,False,False,True,False,False,True
6/4/2019,EURO,$ : dollar :: &euro; :,Other,,False,6,22,12,False,False,False,False,0,False,2.8333333333333335,0,0.0,0.5454545454545454,False,False,False,False,False,True
5/1/2019,AGHA,Mr. : English :: ___ : Persian,Other,,False,7,30,14,False,True,False,False,1,False,3.4285714285714284,0,0.42857142857142855,0.4666666666666667,False,False,True,False,False,True
4/10/2019,BONNET,Lift : elevator :: ___ : car hood,Other,,False,8,33,14,False,True,False,False,0,False,3.25,0,0.0,0.42424242424242425,False,False,True,False,False,True
3/25/2019,ZOOS,Arboretums : trees :: ___ : animals,Other,,False,7,35,13,False,True,False,False,0,False,4.142857142857143,0,0.0,0.37142857142857144,False,False,True,False,False,True
3/17/2019,NAPPY,Diaper : U.S. :: ___ : U.K.,Other,,False,7,27,17,False,True,False,False,4,False,3.0,0,0.2857142857142857,0.6296296296296297,False,False,True,False,False,True
2/24/2019,ONIONS,Florentine : spinach :: lyonnaise : ___,Other,,False,7,39,13,False,True,False,False,0,False,4.714285714285714,0,0.0,0.3333333333333333,False,False,True,False,False,True
2/19/2019,OVINE,Equine : horses :: ___ : sheep,Other,,False,7,30,13,False,True,False,False,0,False,3.4285714285714284,0,0.0,0.43333333333333335,False,False,True,False,False,True
2/16/2019,WON,Peso : Cuba :: ___ : Korea,Other,,False,7,26,13,False,True,False,False,0,False,2.857142857142857,0,0.2857142857142857,0.5,False,False,True,False,False,True
2/12/2019,END,Inning : baseball :: ___ : curling,Other,,False,7,34,13,False,True,False,False,0,False,4.0,0,0.0,0.38235294117647056,False,False,True,False,False,True
1/30/2019,OWLS,Murder : crows :: parliament : ___,Other,,False,7,34,13,False,True,False,False,0,False,4.0,0,0.0,0.38235294117647056,False,False,True,False,False,True
12/31/2018,ODIN,Ares : Greek :: ___ : Norse,Other,,False,7,27,13,False,True,False,False,0,False,3.0,0,0.2857142857142857,0.48148148148148145,False,False,True,False,False,True
12/9/2018,ORE,Cent : U.S. :: ___ : Sweden,Other,,False,7,27,15,False,True,False,False,2,False,3.0,0,0.2857142857142857,0.5555555555555556,False,False,True,False,False,True
11/19/2018,HIVE,Hill : ants :: ___ : bees,Other,,False,7,25,13,False,True,False,False,0,False,2.7142857142857144,0,0.0,0.52,False,False,True,False,False,True
11/17/2018,LLAMA,Foal : horse :: cria : ___,Other,,False,7,26,13,False,True,False,False,0,False,2.857142857142857,0,0.0,0.5,False,False,True,False,False,True
11/16/2018,TROOP,Pride : lions :: ___ : monkeys,Other,,False,7,30,13,False,True,False,False,0,False,3.4285714285714284,0,0.0,0.43333333333333335,False,False,True,False,False,True
11/14/2018,PAOLO,Paul : U.S. :: ___ : Italy,Other,,False,7,26,15,False,True,False,False,2,False,2.857142857142857,0,0.42857142857142855,0.5769230769230769,False,False,True,False,True,True
11/8/2018,SHE,Spanish : ella :: English : ___,Other,,False,7,31,13,False,True,False,False,0,False,3.5714285714285716,0,0.14285714285714285,0.41935483870967744,False,False,True,False,True,True
9/3/2018,POLE,Tree : Christmas :: ___ : Festivus,Other,,False,7,34,13,False,True,False,False,0,False,4.0,0,0.2857142857142857,0.38235294117647056,False,False,True,False,False,True
9/2/2018,IRONLADY,British Bulldog : Churchill :: ___ : Thatcher,Other,,False,8,45,14,False,True,False,False,0,False,4.75,0,0.375,0.3111111111111111,False,False,False,False,False,True
6/10/2018,SEPTA,San Francisco : BART :: Philadelphia : ___,Other,,False,8,42,14,False,True,False,False,0,False,4.375,0,0.5,0.3333333333333333,False,False,True,False,False,True
5/25/2018,ABU,Son of : ibn :: father of : ___,Other,,False,9,31,15,False,True,False,False,0,False,2.5555555555555554,0,0.0,0.4838709677419355,False,False,True,False,False,True
5/5/2018,HIP,Axilla : armpit :: coxa : ___,Other,,False,7,29,13,False,True,False,False,0,False,3.2857142857142856,0,0.0,0.4482758620689655,False,False,True,False,False,True
4/27/2018,CROATIAN,Ruble : Russian :: kuna : ___,Other,,False,7,29,13,False,True,False,False,0,False,3.2857142857142856,0,0.14285714285714285,0.4482758620689655,False,False,True,False,False,True
4/26/2018,PEAR,Oviform : egg :: pyriform : ___,Other,,False,7,31,13,False,True,False,False,0,False,3.5714285714285716,0,0.0,0.41935483870967744,False,False,True,False,False,True
4/15/2018,DANKE,Gracias : Spanish :: ___ : German,Other,,False,7,33,13,False,True,False,False,0,False,3.857142857142857,0,0.2857142857142857,0.3939393939393939,False,False,False,False,True,True
3/18/2018,ETRE,Ser : Spanish :: ___ : French,Other,,False,7,29,13,False,True,False,False,0,False,3.2857142857142856,0,0.2857142857142857,0.4482758620689655,False,False,False,False,True,True
3/17/2018,VON,De : French :: ___ : German,Other,,False,7,27,13,False,True,False,False,0,False,3.0,0,0.42857142857142855,0.48148148148148145,False,False,False,False,True,True
3/8/2018,NED,ESP : Spain :: ___ : Netherlands,Other,,False,7,32,13,False,True,False,False,0,False,3.7142857142857144,0,0.2857142857142857,0.40625,False,False,True,False,True,True
2/26/2018,OUI,Si : Spain :: ___ : France,Other,,False,7,26,13,False,True,False,False,0,False,2.857142857142857,0,0.2857142857142857,0.5,False,False,False,False,True,True
2/16/2018,IBN,Hebrew : ben :: Arabic : ___,Other,,False,7,28,13,False,True,False,False,0,False,3.142857142857143,0,0.14285714285714285,0.4642857142857143,False,False,False,False,False,True
2/1/2018,OTTER,Den : bear :: holt : ___,Other,,False,7,24,13,False,True,False,False,0,False,2.5714285714285716,0,0.0,0.5416666666666666,False,False,True,False,False,True
1/31/2018,SER,Etre : French :: ___ : Spanish,Other,,False,7,30,13,False,True,False,False,0,False,3.4285714285714284,0,0.2857142857142857,0.43333333333333335,False,False,True,False,True,True
1/23/2018,COBS,Drakes : ducks :: ___ : swans,Other,,False,7,29,13,False,True,False,False,0,False,3.2857142857142856,0,0.0,0.4482758620689655,False,False,True,False,False,True
1/5/2018,WHALE,Orion : Hunter :: Cetus : ___,Other,,False,7,29,13,False,True,False,False,0,False,3.2857142857142856,0,0.2857142857142857,0.4482758620689655,False,False,True,False,False,True
12/4/2017,NATS,Yanks : New York :: ___ : Washington,Other,,False,8,36,14,False,True,False,False,0,False,3.625,0,0.375,0.3888888888888889,False,False,True,False,False,True
11/2/2017,KNOB,Pinch : salt :: ___ : butter,Other,,False,7,28,13,False,True,False,False,0,False,3.142857142857143,0,0.0,0.4642857142857143,False,False,True,False,False,True
9/4/2017,RUBLE,Pound : U.K. :: ___ : Russia,Other,,False,7,28,15,False,True,False,False,2,False,3.142857142857143,0,0.2857142857142857,0.5357142857142857,False,False,True,False,False,True
8/7/2017,ARIES,Leo : lion :: ___ : ram,Other,,False,7,23,13,False,True,False,False,0,False,2.4285714285714284,0,0.0,0.5652173913043478,False,False,True,False,False,True
8/6/2017,TORCH,Flashlight : U.S. :: ___ : U.K.,Other,,False,7,31,17,False,True,False,False,4,False,3.5714285714285716,0,0.2857142857142857,0.5483870967741935,False,False,True,False,False,True
7/10/2017,PUP,Kitten : cat :: ___ : dog,Other,,False,7,25,13,False,True,False,False,0,False,2.7142857142857144,0,0.0,0.52,False,False,True,False,False,True
6/23/2017,WON,Peso : Mexico :: ___ : Korea,Other,,False,7,28,13,False,True,False,False,0,False,3.142857142857143,0,0.2857142857142857,0.4642857142857143,False,False,True,False,True,True
6/8/2017,SLOAN,Penn : Wharton :: M.I.T. : ___,Other,,False,7,30,16,False,True,False,False,3,False,3.4285714285714284,0,0.2857142857142857,0.5333333333333333,False,False,True,False,False,True
5/28/2017,DEER,Ovine : sheep :: cervine : ___,Other,,False,7,30,13,False,True,False,False,0,False,3.4285714285714284,0,0.0,0.43333333333333335,False,False,True,False,False,True
5/18/2017,SEPTA,BART : San Francisco :: ___ : Philadelphia,Other,,False,8,42,14,False,True,False,False,0,False,4.375,0,0.375,0.3333333333333333,False,False,True,False,False,True
5/12/2017,TONYS,Molieres : France :: ___ : U.S.,Other,,False,7,31,15,False,True,False,False,2,False,3.5714285714285716,0,0.2857142857142857,0.4838709677419355,False,False,True,False,True,True
5/5/2017,RESTAREA,Lay-by : England :: ___ : America,Other,,False,7,33,14,False,True,False,False,0,False,3.857142857142857,0,0.2857142857142857,0.42424242424242425,False,False,False,False,False,True
4/21/2017,IBN,Mac : Scottish :: ___ : Arabic,Other,,False,7,30,13,False,True,False,False,0,False,3.4285714285714284,0,0.2857142857142857,0.43333333333333335,False,False,False,False,False,True
4/9/2017,POLO,Quarters : basketball :: chukkers : ___,Other,,False,7,39,13,False,True,False,False,0,False,4.714285714285714,0,0.0,0.3333333333333333,False,False,True,False,False,True
3/26/2017,MOB,Gaggle : geese :: ___ : emus,Other,,False,7,28,13,False,True,False,False,0,False,3.142857142857143,0,0.0,0.4642857142857143,False,False,True,False,False,True
3/12/2017,TAMPA,New York : The Big Apple :: ___ : The Big Guava,Other,,False,12,47,18,False,True,False,False,0,False,3.0,0,0.6666666666666666,0.3829787234042553,False,False,False,False,False,True
3/10/2017,KIP,Baht : Thailand :: ___ : Laos,Other,,False,7,29,13,False,True,False,False,0,False,3.2857142857142856,0,0.2857142857142857,0.4482758620689655,False,False,True,False,False,True
2/21/2017,KIT,Pup : wolf :: ___ : fox,Other,,False,7,23,13,False,True,False,False,0,False,2.4285714285714284,0,0.0,0.5652173913043478,False,False,True,False,False,True
2/15/2017,SOLE,Palm : hand :: ___ : foot,Other,,False,7,25,13,False,True,False,False,0,False,2.7142857142857144,0,0.0,0.52,False,False,True,False,False,True
12/11/2016,ALEXA,Siri : iPhone :: ___ : Amazon Echo,Other,,False,8,34,14,False,True,False,False,0,False,3.375,0,0.25,0.4117647058823529,False,False,False,False,False,True
11/15/2016,CLIO,Oscar : films :: ___ : ads,Other,,False,7,26,13,False,True,False,False,0,False,2.857142857142857,0,0.0,0.5,False,False,True,False,False,True
11/7/2016,AVIARY,Monkey house : monkeys :: ___ : birds,Other,,False,8,37,14,False,True,False,False,0,False,3.75,0,0.125,0.3783783783783784,False,False,True,False,False,True
9/28/2016,RAFTER,Murder : crows :: ___ : turkeys,Other,,False,7,31,13,False,True,False,False,0,False,3.5714285714285716,0,0.0,0.41935483870967744,False,False,True,False,False,True
9/11/2016,ELK,Foal : horse :: calf : ___,Other,,False,7,26,13,False,True,False,False,0,False,2.857142857142857,0,0.0,0.5,False,False,True,False,False,True
8/23/2016,OSX,Windows : Microsoft :: ___ : Apple,Other,,False,7,34,13,False,True,False,False,0,False,4.0,0,0.2857142857142857,0.38235294117647056,False,False,False,False,False,True
8/4/2016,CANID,Cat : felid :: dog : ___,Other,,False,7,24,13,False,True,False,False,0,False,2.5714285714285716,0,0.0,0.5416666666666666,False,False,True,False,False,True
8/1/2016,CARROT,Stick : punishment :: ___ : enticement,Other,,False,7,38,13,False,True,False,False,0,False,4.571428571428571,0,0.0,0.34210526315789475,False,False,True,False,False,True
7/10/2016,DONNA,France : madame :: Italy : ___,Other,,False,7,30,13,False,True,False,False,0,False,3.4285714285714284,0,0.2857142857142857,0.43333333333333335,False,False,True,False,True,True
7/2/2016,TOADS,Pride : lions :: knot : ___,Other,,False,7,27,13,False,True,False,False,0,False,3.0,0,0.0,0.48148148148148145,False,False,True,False,False,True
6/26/2016,ABRAM,Hussein : Obama :: ___ : Garfield,Other,,False,7,33,13,False,True,False,False,0,False,3.857142857142857,0,0.2857142857142857,0.3939393939393939,False,False,True,False,False,True
6/26/2016,ETRE,Sein : German :: ___ : French,Other,,False,7,29,13,False,True,False,False,0,False,3.2857142857142856,0,0.2857142857142857,0.4482758620689655,False,False,False,False,True,True
6/19/2016,TOGAS,Stolas : women :: ___ : men,Other,,False,7,27,13,False,True,False,False,0,False,3.0,0,0.0,0.48148148148148145,False,False,True,False,False,True
6/6/2016,KGB,C.I.A. : U.S. :: ___ : Soviet Union,Other,,False,8,35,19,False,True,False,False,5,False,3.5,0,0.5,0.5428571428571428,False,False,False,False,False,True
5/31/2016,COP,Bobby : U.K. :: ___ : U.S.,Other,,False,7,26,17,False,True,False,False,4,False,2.857142857142857,0,0.2857142857142857,0.6538461538461539,False,False,True,False,False,True
5/15/2016,ALBION,Ireland : Erin :: Britain : ___,Other,,False,7,31,13,False,True,False,False,0,False,3.5714285714285716,0,0.2857142857142857,0.41935483870967744,False,False,True,False,False,True
4/24/2016,TSAR,Khan : Mongolia :: ___ : Russia,Other,,False,7,31,13,False,True,False,False,0,False,3.5714285714285716,0,0.42857142857142855,0.41935483870967744,False,False,True,False,False,True
4/21/2016,TYR,___ : Tuesday :: Odin : Wednesday,Other,,False,7,33,13,False,True,False,False,0,False,3.857142857142857,0,0.42857142857142855,0.3939393939393939,False,False,False,False,False,True
3/25/2016,ODOR,Z's : sleep :: wavy lines : ___,Other,,False,8,31,15,False,True,False,False,0,False,3.0,0,0.125,0.4838709677419355,False,False,True,False,False,True
2/23/2016,CARROT,Stick : punishment :: ___ : reward,Other,,False,7,34,13,False,True,False,False,0,False,4.0,0,0.0,0.38235294117647056,False,False,True,False,False,True
1/31/2016,EMUS,Pride : lions :: mob : ___,Other,,False,7,26,13,False,True,False,False,0,False,2.857142857142857,0,0.0,0.5,False,False,True,False,False,True
1/4/2016,EWE,Mare : horse :: ___ : sheep,Other,,False,7,27,13,False,True,False,False,0,False,3.0,0,0.0,0.48148148148148145,False,False,True,False,False,True
12/31/2015,NUN,Bhikkhuni : Buddhism :: ___ : Catholicism,Other,,False,7,41,13,False,True,False,False,0,False,5.0,0,0.2857142857142857,0.3170731707317073,False,False,True,False,False,True
12/27/2015,TEAMO,Je t'aime : French :: ___ : Spanish,Other,,False,8,35,15,False,True,False,False,0,False,3.5,0,0.375,0.42857142857142855,False,False,False,False,True,True
12/18/2015,ONION,Spinach : Florentine :: ___ : lyonnaise,Other,,False,7,39,13,False,True,False,False,0,False,4.714285714285714,0,0.14285714285714285,0.3333333333333333,False,False,True,False,False,True
12/6/2015,CAT,Gaggle : goose :: clowder : ___,Other,,False,7,31,13,False,True,False,False,0,False,3.5714285714285716,0,0.0,0.41935483870967744,False,False,True,False,False,True
11/27/2015,TOGA,Stola : woman :: ___ : man,Other,,False,7,26,13,False,True,False,False,0,False,2.857142857142857,0,0.0,0.5,False,False,True,False,False,True
11/13/2015,OTTER,Pod : whale :: raft : ___,Other,,False,7,25,13,False,True,False,False,0,False,2.7142857142857144,0,0.0,0.52,False,False,True,False,False,True
11/1/2015,TYR,Mars : Roman :: ___ : Norse,Other,,False,7,27,13,False,True,False,False,0,False,3.0,0,0.2857142857142857,0.48148148148148145,False,False,False,False,False,True
9/28/2015,ARFS,Meows : cats :: ___ : dogs,Other,,False,7,26,13,False,True,False,False,0,False,2.857142857142857,0,0.0,0.5,False,False,False,False,False,True
8/31/2015,PICO,Micro : millionth :: ___ : trillionth,Other,,False,7,37,13,False,True,False,False,0,False,4.428571428571429,0,0.0,0.35135135135135137,False,False,True,False,False,True
6/22/2015,NYET,Non : French :: ___ : Russian,Other,,False,7,29,13,False,True,False,False,0,False,3.2857142857142856,0,0.2857142857142857,0.4482758620689655,False,False,False,False,True,True
6/13/2015,FERRET,Pride : lion :: business : ___,Other,,False,7,30,13,False,True,False,False,0,False,3.4285714285714284,0,0.0,0.43333333333333335,False,False,True,False,False,True
4/25/2015,OTTER,Leonine : lion :: lutrine : ___,Other,,False,7,31,13,False,True,False,False,0,False,3.5714285714285716,0,0.0,0.41935483870967744,False,False,True,False,False,True
4/13/2015,LORRY,Lift : elevator :: ___ : truck,Other,,False,7,30,13,False,True,False,False,0,False,3.4285714285714284,0,0.0,0.43333333333333335,False,False,True,False,False,True
4/12/2015,PEPE,Bill : William :: ___ : Jose,Other,,False,7,28,13,False,True,False,False,0,False,3.142857142857143,0,0.2857142857142857,0.4642857142857143,False,False,False,False,False,True
4/4/2015,MERCI,Spasibo : Russian :: ___ : French,Other,,False,7,33,13,False,True,False,False,0,False,3.857142857142857,0,0.2857142857142857,0.3939393939393939,False,False,False,False,True,True
4/3/2015,MUSICHALL,America : vaudeville :: England : ___,Other,,False,7,37,13,False,True,False,False,0,False,4.428571428571429,0,0.2857142857142857,0.35135135135135137,False,False,False,False,False,True
3/27/2015,RIAL,Balboa : Panama :: ___ : Iran,Other,,False,7,29,13,False,True,False,False,0,False,3.2857142857142856,0,0.2857142857142857,0.4482758620689655,False,False,True,False,False,True
3/24/2015,HALAL,Kosher : Jews :: ___ : Muslims,Other,,False,7,30,13,False,True,False,False,0,False,3.4285714285714284,0,0.2857142857142857,0.43333333333333335,False,False,True,False,False,True
3/18/2015,OSIRIS,Hades : Greeks :: ___ : Egyptians,Other,,False,7,33,13,False,True,False,False,0,False,3.857142857142857,0,0.2857142857142857,0.3939393939393939,False,False,True,False,False,True
3/11/2015,BART,Metro : Washington :: ___ : San Francisco,Other,,False,8,41,14,False,True,False,False,0,False,4.25,0,0.375,0.34146341463414637,False,False,True,False,False,True
3/2/2015,RACKET,Club : golf :: ___ : tennis,Other,,False,7,27,13,False,True,False,False,0,False,3.0,0,0.0,0.48148148148148145,False,False,True,False,False,True
2/27/2015,OWLS,Knot : toads :: parliament : ___,Other,,False,7,32,13,False,True,False,False,0,False,3.7142857142857144,0,0.0,0.40625,False,False,True,False,False,True
2/10/2015,PESO,Dollar : U.S. :: ___ : Cuba,Other,,False,7,27,15,False,True,False,False,2,False,3.0,0,0.2857142857142857,0.5555555555555556,False,False,True,False,False,True
1/29/2015,ALOHA,Bula : Fiji :: ___ : Hawaii,Other,,False,7,27,13,False,True,False,False,0,False,3.0,0,0.2857142857142857,0.48148148148148145,False,False,False,False,False,True
1/26/2015,SEAN,Ian : Scotland :: ___ : Ireland,Other,,False,7,31,13,False,True,False,False,0,False,3.5714285714285716,0,0.2857142857142857,0.41935483870967744,False,False,True,False,False,True
12/30/2014,CPL,Houlihan : Maj. :: Klinger : ___,Other,,False,7,32,14,False,True,False,False,1,False,3.7142857142857144,0,0.2857142857142857,0.4375,False,False,False,False,False,True
12/5/2014,OBLAST,Province : Canada :: ___ : Russia,Other,,False,7,33,13,False,True,False,False,0,False,3.857142857142857,0,0.2857142857142857,0.3939393939393939,False,False,False,False,False,True
11/30/2014,ULNA,Fibula : leg :: ___ : arm,Other,,False,7,25,13,False,True,False,False,0,False,2.7142857142857144,0,0.0,0.52,False,False,True,False,False,True
11/25/2014,SRA,Paris : Mme. :: Madrid : ___,Other,,False,7,28,14,False,True,False,False,1,False,3.142857142857143,0,0.42857142857142855,0.5,False,False,False,False,True,True
11/22/2014,RIB,Neuralgia : nerve :: costalgia : ___,Other,,False,7,36,13,False,True,False,False,0,False,4.285714285714286,0,0.0,0.3611111111111111,False,False,True,False,False,True
10/20/2014,MOO,Oink : pig :: ___ : cow,Other,,False,7,23,13,False,True,False,False,0,False,2.4285714285714284,0,0.0,0.5652173913043478,False,False,True,False,False,True
8/30/2014,ELK,Pride : lion :: gang : ___,Other,,False,7,26,13,False,True,False,False,0,False,2.857142857142857,0,0.0,0.5,False,False,True,False,False,True
7/24/2014,TOAD,Goose : gaggle :: ___ : knot,Other,,False,7,28,13,False,True,False,False,0,False,3.142857142857143,0,0.0,0.4642857142857143,False,False,True,False,False,True
6/11/2014,LARKS,Gaggle : geese :: exaltation : ___,Other,,False,7,34,13,False,True,False,False,0,False,4.0,0,0.0,0.38235294117647056,False,False,True,False,False,True
6/10/2014,ERATO,Clio : history :: ___ : lyric poetry,Other,,False,8,36,14,False,True,False,False,0,False,3.625,0,0.0,0.3888888888888889,False,False,False,False,False,True
6/7/2014,LLAMA,Donkey : mule :: ___ : huarizo,Other,,False,7,30,13,False,True,False,False,0,False,3.4285714285714284,0,0.0,0.43333333333333335,False,False,True,False,False,True
4/6/2014,DANKE,French : merci :: German : ___,Other,,False,7,30,13,False,True,False,False,0,False,3.4285714285714284,0,0.14285714285714285,0.43333333333333335,False,False,False,False,True,True
2/2/2014,KATO,Batman : Robin :: Green Hornet : ___,Other,,False,8,36,14,False,True,False,False,0,False,3.625,0,0.375,0.3888888888888889,False,False,False,False,False,True
1/26/2014,ODI,Amo : I love :: ___ : I hate,Other,,False,9,28,15,False,True,False,False,0,False,2.2222222222222223,0,0.2222222222222222,0.5357142857142857,False,False,False,False,False,True
1/19/2014,HARES,Flock : sheep :: drove : ___,Other,,False,7,28,13,False,True,False,False,0,False,3.142857142857143,0,0.0,0.4642857142857143,False,False,True,False,False,True
1/10/2014,MURDER,Pride : lions :: ___ : crows,Other,,False,7,28,13,False,True,False,False,0,False,3.142857142857143,0,0.0,0.4642857142857143,False,False,True,False,False,True
11/17/2013,IOS,Google : Android :: Apple : ___,Other,,False,7,31,13,False,True,False,False,0,False,3.5714285714285716,0,0.2857142857142857,0.41935483870967744,False,False,True,False,False,True
11/7/2013,IAN,Johannes : German :: ___ : Scottish,Other,,False,7,35,13,False,True,False,False,0,False,4.142857142857143,0,0.2857142857142857,0.37142857142857144,False,False,True,False,False,True
10/14/2013,NEIN,Nyet : Russian :: ___ : German,Other,,False,7,30,13,False,True,False,False,0,False,3.4285714285714284,0,0.2857142857142857,0.43333333333333335,False,False,False,False,False,True
8/29/2013,COL,Capt. : Navy :: ___ : Army,Other,,False,7,26,14,False,True,False,False,1,False,2.857142857142857,0,0.42857142857142855,0.5384615384615384,False,False,True,False,False,True
8/28/2013,HST,Eleanor : F.D.R. :: Bess : ___,Other,,False,7,30,16,False,True,False,False,3,False,3.4285714285714284,0,0.2857142857142857,0.5333333333333333,False,False,False,False,False,True
7/18/2013,TOAD,Pod : whale :: knot : ___,Other,,False,7,25,13,False,True,False,False,0,False,2.7142857142857144,0,0.0,0.52,False,False,True,False,False,True
6/19/2013,ALT,Viejo : Sp. :: ___ : Ger.,Other,,False,7,25,15,False,True,False,False,2,False,2.7142857142857144,0,0.2857142857142857,0.6,False,False,True,False,False,True
5/17/2013,BALBOA,Peso : Mexico :: ___ : Panama,Other,,False,7,29,13,False,True,False,False,0,False,3.2857142857142856,0,0.2857142857142857,0.4482758620689655,False,False,True,False,True,True
5/13/2013,ROMNEY,McCain : 2008 :: ___ : 2012,Other,,False,7,27,21,False,True,False,False,0,False,3.0,0,0.0,0.48148148148148145,False,False,True,False,False,True
5/5/2013,RUE,German : Strasse :: French : ___,Other,,False,7,32,13,False,True,False,False,0,False,3.7142857142857144,0,0.2857142857142857,0.40625,False,False,True,False,True,True
5/2/2013,NERD,Swot : Britain :: ___ : America,Other,,False,7,31,13,False,True,False,False,0,False,3.5714285714285716,0,0.2857142857142857,0.41935483870967744,False,False,False,False,False,True
4/6/2013,TOADS,Pod : whales :: knot : ___,Other,,False,7,26,13,False,True,False,False,0,False,2.857142857142857,0,0.0,0.5,False,False,True,False,False,True
1/31/2013,TRIES,Touchdowns : football :: ___ : rugby,Other,,False,7,36,13,False,True,False,False,0,False,4.285714285714286,0,0.0,0.3611111111111111,False,False,False,False,False,True
1/1/2013,FOX,Equine : horse :: vulpine : ___,Other,,False,7,31,13,False,True,False,False,0,False,3.5714285714285716,0,0.0,0.41935483870967744,False,False,True,False,False,True
11/19/2012,TEN,V : five :: X : ___,Other,,False,7,19,13,False,True,False,False,0,False,1.8571428571428572,0,0.14285714285714285,0.6842105263157895,False,False,True,False,False,True
11/14/2012,AND,Y : Spanish :: ___ : English,Other,,False,7,28,13,False,True,False,False,0,False,3.142857142857143,0,0.2857142857142857,0.4642857142857143,False,False,True,False,True,True
10/16/2012,ALI,Alcindor : Abdul-Jabbar :: Clay : ___,Other,,False,7,37,14,False,True,False,False,0,False,4.428571428571429,0,0.2857142857142857,0.3783783783783784,False,False,False,False,False,True
10/1/2012,HERR,Mister : English :: ___ : German,Other,,False,7,32,13,False,True,False,False,0,False,3.7142857142857144,0,0.2857142857142857,0.40625,False,False,False,False,False,True
9/23/2012,ELI,Clint : the Good :: ___ : the Ugly,Other,,False,9,34,15,False,True,False,False,0,False,2.888888888888889,0,0.2222222222222222,0.4411764705882353,False,False,True,False,False,True
9/10/2012,OBAMA,Quayle : Bush :: Biden : ___,Other,,False,7,28,13,False,True,False,False,0,False,3.142857142857143,0,0.2857142857142857,0.4642857142857143,False,False,False,False,False,True
9/2/2012,CIA,MI6 : Britain :: ___ : U.S.,Other,,False,7,27,16,False,True,False,False,2,False,3.0,0,0.2857142857142857,0.5555555555555556,False,False,False,False,False,True
8/13/2012,PESO,Shekel : Israel :: ___ : Mexico,Other,,False,7,31,13,False,True,False,False,0,False,3.5714285714285716,0,0.2857142857142857,0.41935483870967744,False,False,True,False,True,True
8/5/2012,HALAL,Jew : kosher :: Muslim : ___,Other,,False,7,28,13,False,True,False,False,0,False,3.142857142857143,0,0.14285714285714285,0.4642857142857143,False,False,True,False,False,True
4/11/2012,DOLE,McCain : 2008 :: ___ : 1996,Other,,False,7,27,21,False,True,False,False,0,False,3.0,0,0.0,0.48148148148148145,False,False,True,False,False,True
4/1/2012,GIJOE,Action Man : U.K. :: ___ : U.S.,Other,,False,8,31,18,False,True,False,False,4,False,3.0,0,0.5,0.5806451612903226,False,False,False,False,False,True
2/18/2012,AGORA,Forum : Rome :: ___ : Athens,Other,,False,7,28,13,False,True,False,False,0,False,3.142857142857143,0,0.2857142857142857,0.4642857142857143,False,False,True,False,True,True
2/6/2012,ZLOTY,Ruble : Russia :: ___ : Poland,Other,,False,7,30,13,False,True,False,False,0,False,3.4285714285714284,0,0.2857142857142857,0.43333333333333335,False,False,True,False,False,True
10/31/2011,EMMY,Oscar : film :: ___ : TV,Other,,False,7,24,13,False,True,False,False,0,False,2.5714285714285716,0,0.14285714285714285,0.5416666666666666,False,False,False,False,False,True
9/11/2011,SWORD,Stellate : star :: xiphoid : ___,Other,,False,7,32,13,False,True,False,False,0,False,3.7142857142857144,0,0.0,0.40625,False,False,True,False,False,True
8/9/2011,NYET,Nein : German :: ___ : Russian,Other,,False,7,30,13,False,True,False,False,0,False,3.4285714285714284,0,0.2857142857142857,0.43333333333333335,False,False,False,False,False,True
5/15/2011,RAVEN,Baseball : Oriole :: football : ___,Other,,False,7,35,13,False,True,False,False,0,False,4.142857142857143,0,0.14285714285714285,0.37142857142857144,False,False,True,False,False,True
3/17/2011,HARE,Lion : pride :: ___ : husk,Other,,False,7,26,13,False,True,False,False,0,False,2.857142857142857,0,0.0,0.5,False,False,True,False,False,True
2/21/2011,ARES,Mars : Roman :: ___ : Greek,Other,,False,7,27,13,False,True,False,False,0,False,3.0,0,0.2857142857142857,0.48148148148148145,False,False,True,False,False,True
11/25/2010,QUAIL,Bouquet : pheasants :: covey : ___,Other,,False,7,34,13,False,True,False,False,0,False,4.0,0,0.0,0.38235294117647056,False,False,True,False,False,True
7/6/2010,STAR,Cross: Christianity :: ___ : Judaism,Other,,False,6,36,12,False,True,False,False,0,False,5.166666666666667,0,0.3333333333333333,0.3333333333333333,False,False,True,False,False,True
6/18/2010,LLAMAS,Cubs : bears :: crias : ___,Other,,False,7,27,13,False,True,False,False,0,False,3.0,0,0.0,0.48148148148148145,False,False,True,False,False,True
6/6/2010,OTTERS,Warren : rabbits :: couch : ___,Other,,False,7,31,13,False,True,False,False,0,False,3.5714285714285716,0,0.0,0.41935483870967744,False,False,True,False,False,True
5/15/2010,PEA,Dentiform : tooth :: pisiform : ___,Other,,False,7,35,13,False,True,False,False,0,False,4.142857142857143,0,0.0,0.37142857142857144,False,False,True,False,False,True
4/11/2010,ARIEL,Oscar : United States :: ___ : Mexico,Other,,False,8,37,14,False,True,False,False,0,False,3.75,0,0.375,0.3783783783783784,False,False,True,False,True,True
4/4/2010,PEAR,Dentiform : tooth :: pyriform : ___,Other,,False,7,35,13,False,True,False,False,0,False,4.142857142857143,0,0.0,0.37142857142857144,False,False,True,False,False,True
2/22/2010,MOO,Neigh : horse :: ___ : cow,Other,,False,7,26,13,False,True,False,False,0,False,2.857142857142857,0,0.0,0.5,False,False,True,False,False,True
2/2/2010,ELLE,Lui: him :: ___ : her,Other,,False,6,21,12,False,True,False,False,0,False,2.6666666666666665,0,0.0,0.5714285714285714,False,False,True,False,False,True
1/12/2010,VENTI,Twenty : English :: ___ : Italian,Other,,False,7,33,13,False,True,False,False,0,False,3.857142857142857,0,0.2857142857142857,0.3939393939393939,False,False,False,False,True,True
12/5/2009,GLI,Los : Spanish :: ___ : Italian,Other,,False,7,30,13,False,True,False,False,0,False,3.4285714285714284,0,0.42857142857142855,0.43333333333333335,False,False,False,False,True,True
9/14/2009,MMES,Sras. : Mexico :: ___ : France,Other,,False,7,30,14,False,True,False,False,1,False,3.4285714285714284,0,0.2857142857142857,0.4666666666666667,False,False,False,False,True,True
8/22/2009,TOAD,Herd : horse :: knot : ___,Other,,False,7,26,13,False,True,False,False,0,False,2.857142857142857,0,0.0,0.5,False,False,True,False,False,True
8/6/2009,LATTE,Milch : German :: ___ : Italian,Other,,False,7,31,13,False,True,False,False,0,False,3.5714285714285716,0,0.2857142857142857,0.41935483870967744,False,False,False,False,True,True
7/19/2009,SUN,Globe : Boston :: ___ : Baltimore,Other,,False,7,33,13,False,True,False,False,0,False,3.857142857142857,0,0.2857142857142857,0.3939393939393939,False,False,True,False,False,True
7/13/2009,LIRA,Franc : France :: ___ : Italy,Other,,False,7,29,13,False,True,False,False,0,False,3.2857142857142856,0,0.2857142857142857,0.4482758620689655,False,False,True,False,True,True
6/25/2009,ORD,JFK : New York :: ___ : Chicago,Other,,False,8,31,14,False,True,False,False,0,False,3.0,0,0.375,0.45161290322580644,False,False,False,False,False,True
5/24/2009,OSLO,Knesset : Jerusalem :: Storting : ___,Other,,False,7,37,13,False,True,False,False,0,False,4.428571428571429,0,0.2857142857142857,0.35135135135135137,False,False,False,False,False,True
5/16/2009,LLAMAS,Foals : horses :: crias : ___,Other,,False,7,29,13,False,True,False,False,0,False,3.2857142857142856,0,0.0,0.4482758620689655,False,False,True,False,False,True
5/3/2009,ELK,Roar : lion :: bugle : ___,Other,,False,7,26,13,False,True,False,False,0,False,2.857142857142857,0,0.0,0.5,False,False,True,False,False,True
5/2/2009,EAR,Tarsus : foot :: incus : ___,Other,,False,7,28,13,False,True,False,False,0,False,3.142857142857143,0,0.0,0.4642857142857143,False,False,True,False,False,True
4/20/2009,FALA,Bo : Obama :: ___ : Roosevelt,Other,,False,7,29,13,False,True,False,False,0,False,3.2857142857142856,0,0.2857142857142857,0.4482758620689655,False,False,False,False,False,True
4/10/2009,OTTER,Burrow : rabbit :: holt : ___,Other,,False,7,29,13,False,True,False,False,0,False,3.2857142857142856,0,0.0,0.4482758620689655,False,False,True,False,False,True
3/2/2009,STABLE,Sty : hogs :: ___ : horses,Other,,False,7,26,13,False,True,False,False,0,False,2.857142857142857,0,0.0,0.5,False,False,True,False,False,True
2/16/2009,OMEGA,Zee : English :: ___ : Greek,Other,,False,7,28,13,False,True,False,False,0,False,3.142857142857143,0,0.2857142857142857,0.4642857142857143,False,False,True,False,False,True
2/9/2009,TSAR,Shah : Iran :: ___ : Russia,Other,,False,7,27,13,False,True,False,False,0,False,3.0,0,0.2857142857142857,0.48148148148148145,False,False,True,False,False,True
1/29/2009,ZWEI,Deux : France :: ___ : Germany,Other,,False,7,30,13,False,True,False,False,0,False,3.4285714285714284,0,0.2857142857142857,0.43333333333333335,False,False,False,False,True,True
12/4/2008,IRISH,Magyar : Hungarian :: Gaeilge : ___,Other,,False,7,35,13,False,True,False,False,0,False,4.142857142857143,0,0.2857142857142857,0.37142857142857144,False,False,True,False,False,True
11/3/2008,MEOWED,Dog : barked :: cat : ___,Other,,False,7,25,13,False,True,False,False,0,False,2.7142857142857144,0,0.0,0.52,False,False,False,False,False,True
10/27/2008,LIRAS,Pesos : Mexico :: ___ : Turkey,Other,,False,7,30,13,False,True,False,False,0,False,3.4285714285714284,0,0.2857142857142857,0.43333333333333335,False,False,True,False,True,True
10/12/2008,ASNER,Richards : Moore :: Grant : ___,Other,,False,7,31,13,False,True,False,False,0,False,3.5714285714285716,0,0.2857142857142857,0.41935483870967744,False,False,False,False,False,True
9/8/2008,NENE,Baltimore oriole : Maryland :: ___ : Hawaii,Other,,False,8,43,14,False,True,False,False,0,False,4.5,0,0.375,0.32558139534883723,False,False,False,False,False,True
8/21/2008,TOADS,Herd : buffalo :: knot : ___,Other,,False,7,28,13,False,True,False,False,0,False,3.142857142857143,0,0.0,0.4642857142857143,False,False,True,False,False,True
8/3/2008,APE,Ursine : bear :: pithecan : ___,Other,,False,7,31,13,False,True,False,False,0,False,3.5714285714285716,0,0.0,0.41935483870967744,False,False,True,False,False,True
7/26/2008,IBN,Scottish : Mac :: Arabic : ___,Other,,False,7,30,13,False,True,False,False,0,False,3.4285714285714284,0,0.2857142857142857,0.43333333333333335,False,False,False,False,False,True
7/21/2008,HEATHROW,Charles de Gaulle : Paris :: ___ : London,Other,,False,9,41,15,False,True,False,False,0,False,3.6666666666666665,0,0.4444444444444444,0.36585365853658536,False,False,False,False,True,True
7/13/2008,FALCON,Gander : goose :: tercel : ___,Other,,False,7,30,13,False,True,False,False,0,False,3.4285714285714284,0,0.0,0.43333333333333335,False,False,True,False,False,True
6/23/2008,EIN,Un : France :: ___ : Germany,Other,,False,7,28,13,False,True,False,False,0,False,3.142857142857143,0,0.2857142857142857,0.4642857142857143,False,False,False,False,True,True
6/21/2008,LAN,Iberia : Spain :: ___ : Chile,Other,,False,7,29,13,False,True,False,False,0,False,3.2857142857142856,0,0.2857142857142857,0.4482758620689655,False,False,True,False,True,True
6/15/2008,RAI,BBC : Britain :: ___ : Italy,Other,,False,7,28,13,False,True,False,False,0,False,3.142857142857143,0,0.2857142857142857,0.4642857142857143,False,False,False,False,True,True
5/22/2008,OSLO,Orly : Paris :: Gardermoen : ___,Other,,False,7,32,13,False,True,False,False,0,False,3.7142857142857144,0,0.2857142857142857,0.40625,False,False,False,False,True,True
4/29/2008,TOJO,Hitler : Germany :: ___ : Japan,Other,,False,7,31,13,False,True,False,False,0,False,3.5714285714285716,0,0.2857142857142857,0.41935483870967744,False,False,False,False,False,True
2/14/2008,MOSCOW,Montmartre : Paris :: Arbat : ___,Other,,False,7,33,13,False,True,False,False,0,False,3.857142857142857,0,0.2857142857142857,0.3939393939393939,False,False,True,False,True,True
1/18/2008,OWL,Brood : chicken :: parliament : ___,Other,,False,7,35,13,False,True,False,False,0,False,4.142857142857143,0,0.0,0.37142857142857144,False,False,True,False,False,True
8/12/2007,ACHE,Caladryl: itch :: Bengay : ___,Other,,False,6,30,12,False,True,False,False,0,False,4.166666666666667,0,0.16666666666666666,0.4,False,False,True,False,False,True
6/23/2007,ANT,Vermicide : worm :: formicide : ___,Other,,False,7,35,13,False,True,False,False,0,False,4.142857142857143,0,0.0,0.37142857142857144,False,False,True,False,False,True
6/18/2007,FOAL,Lamb : ewe :: ___ : mare,Other,,False,7,24,13,False,True,False,False,0,False,2.5714285714285716,0,0.0,0.5416666666666666,False,False,True,False,False,True
6/3/2007,OTTER,Ursine : bear :: lutrine : ___,Other,,False,7,30,13,False,True,False,False,0,False,3.4285714285714284,0,0.0,0.43333333333333335,False,False,True,False,False,True
4/15/2007,LEEDS,Glaswegian : Glasgow :: Loiner : ___,Other,,False,7,36,13,False,True,False,False,0,False,4.285714285714286,0,0.2857142857142857,0.3611111111111111,False,False,True,False,False,True
3/2/2007,ORE,Penny : pound :: ___ : krone,Other,,False,7,28,13,False,True,False,False,0,False,3.142857142857143,0,0.0,0.4642857142857143,False,False,True,False,False,True
8/25/2006,EGGS,Coven : witches :: clutch : ___,Other,,False,7,31,13,False,True,False,False,0,False,3.5714285714285716,0,0.0,0.41935483870967744,False,False,True,False,False,True
7/14/2006,ARE,Son: Spanish :: ___ : English,Other,,False,6,29,12,False,True,False,False,0,False,4.0,0,0.3333333333333333,0.41379310344827586,False,False,True,False,True,True
2/25/2006,TONSIL,Renal : kidney :: amygdaline : ___,Other,,False,7,34,13,False,True,False,False,0,False,4.0,0,0.0,0.38235294117647056,False,False,True,False,False,True
1/4/2006,SIG,M. : France :: ___ : Italy,Other,,False,7,26,14,False,True,False,False,1,False,2.857142857142857,0,0.42857142857142855,0.5384615384615384,False,False,True,False,True,True
10/27/2005,FLEA,Formicide: ant :: pulicide : ___,Other,,False,6,32,12,False,True,False,False,0,False,4.5,0,0.0,0.375,False,False,True,False,False,True
9/18/2005,OXEN,Coachmen : horses :: bullwhackers : ___,Other,,False,7,39,13,False,True,False,False,0,False,4.714285714285714,0,0.0,0.3333333333333333,False,False,True,False,False,True
6/21/2005,SKY,Poseidon : sea :: Uranus : ___,Other,,False,7,30,13,False,True,False,False,0,False,3.4285714285714284,0,0.14285714285714285,0.43333333333333335,False,False,True,False,False,True
6/19/2005,GDAY,___ : hello :: hooroo : goodbye,Other,,False,7,31,13,False,True,False,False,0,False,3.5714285714285716,0,0.0,0.41935483870967744,False,False,False,False,False,True
3/6/2004,TOAD,Horse : herd :: ___ : knot,Other,,False,7,26,13,False,True,False,False,0,False,2.857142857142857,0,0.0,0.5,False,False,True,False,False,True
8/16/2003,DOLLS,Numismatist : coins :: plangonologist : ___,Other,,False,7,43,13,False,True,False,False,0,False,5.285714285714286,0,0.0,0.3023255813953488,False,False,True,False,False,True
8/1/2003,GLI,Les : French :: ___ : Italian,Other,,False,7,29,13,False,True,False,False,0,False,3.2857142857142856,0,0.2857142857142857,0.4482758620689655,False,False,False,False,True,True
7/2/2003,OTTER,Lupine : wolf :: lutrine : ___,Other,,False,7,30,13,False,True,False,False,0,False,3.4285714285714284,0,0.0,0.43333333333333335,False,False,True,False,False,True
3/23/2003,ACC,U.S. C. : Pac 10 :: Duke : ___,Other,,False,9,30,20,False,True,False,False,3,False,2.4444444444444446,0,0.4444444444444444,0.6,False,False,False,False,False,True
3/13/2003,EWELAMB,Filly : horse :: ___ : sheep,Other,,False,7,28,13,False,True,False,False,0,False,3.142857142857143,0,0.0,0.4642857142857143,False,False,False,False,False,True
2/8/2003,SPAS,Hydros : England :: ___ : U.S.,Other,,False,7,30,15,False,True,False,False,2,False,3.4285714285714284,0,0.2857142857142857,0.5,False,False,True,False,False,True
10/27/2002,ANKLES,Hocks : horses :: ___ : humans,Other,,False,7,30,13,False,True,False,False,0,False,3.4285714285714284,0,0.0,0.43333333333333335,False,False,True,False,False,True
10/14/2002,DEER,Veal : calf :: venison : ___,Other,,False,7,28,13,False,True,False,False,0,False,3.142857142857143,0,0.0,0.4642857142857143,False,False,True,False,False,True
2/2/2002,GNATS,Flock : birds :: cloud : ___,Other,,False,7,28,13,False,True,False,False,0,False,3.142857142857143,0,0.0,0.4642857142857143,False,False,True,False,False,True
4/18/2001,TALC,Diamond : 10 :: ___ : 1,Other,,False,7,23,16,False,True,False,False,0,False,2.4285714285714284,0,0.0,0.5652173913043478,False,False,True,False,False,True
3/4/2001,ORD,La Guardia : LGA :: O'Hare : ___,Other,,False,8,32,15,False,True,False,False,0,False,3.125,0,0.5,0.46875,False,False,False,False,False,True
12/23/2000,HAND,Bunch : grapes :: ___ : bananas,Other,,False,7,31,13,False,True,False,False,0,False,3.5714285714285716,0,0.0,0.41935483870967744,False,False,True,False,False,True
8/28/2000,SENOR,Monsieur : Paris :: ___ : Madrid,Other,,False,7,32,13,False,True,False,False,0,False,3.7142857142857144,0,0.2857142857142857,0.40625,False,False,False,False,True,True
7/17/2000,GOAT,Lamb : sheep :: kid : ___,Other,,False,7,25,13,False,True,False,False,0,False,2.7142857142857144,0,0.0,0.52,False,False,True,False,False,True
6/26/2000,CRAB,Taurus : Bull :: Cancer : ___,Other,,False,7,29,13,False,True,False,False,0,False,3.2857142857142856,0,0.2857142857142857,0.4482758620689655,False,False,True,False,False,True
4/3/2000,LIRA,Peseta : Spain :: ___ : Italy,Other,,False,7,29,13,False,True,False,False,0,False,3.2857142857142856,0,0.2857142857142857,0.4482758620689655,False,False,True,False,True,True
3/17/2000,ONIONS,Parmentier : potatoes :: lyonnaise : ___,Other,,False,7,40,13,False,True,False,False,0,False,4.857142857142857,0,0.0,0.325,False,False,True,False,False,True
2/12/2000,CAT,Pride : lion :: clowder : ___,Other,,False,7,29,13,False,True,False,False,0,False,3.2857142857142856,0,0.0,0.4482758620689655,False,False,True,False,False,True
5/21/1999,EEL,Foal : horse :: grig : ___,Other,,False,7,26,13,False,True,False,False,0,False,2.857142857142857,0,0.0,0.5,False,False,True,False,False,True
12/6/1998,ONION,Florentine : spinach :: lyonnaise : ___,Other,,False,7,39,13,False,True,False,False,0,False,4.714285714285714,0,0.0,0.3333333333333333,False,False,True,False,False,True
9/27/1998,DOGFACE,Grunt : Vietnam :: ___ : W.W. II,Other,,False,8,32,16,False,True,False,False,2,False,3.125,0,0.375,0.5,False,False,True,False,False,True
6/12/1998,OTO,Cardio : heart :: ___ : ear,Other,,False,7,27,13,False,True,False,False,0,False,3.0,0,0.0,0.48148148148148145,False,False,True,False,False,True
3/10/1998,CALVE,Mare : foal :: cow : ___,Other,,False,7,24,13,False,True,False,False,0,False,2.5714285714285716,0,0.0,0.5416666666666666,False,False,True,False,False,True
3/1/1998,TAURUS,Mercury : Sable :: Ford : ___,Other,,False,7,29,13,False,True,False,False,0,False,3.2857142857142856,0,0.2857142857142857,0.4482758620689655,False,False,True,False,False,True
10/22/1997,SANTAMARIA,Columbus : ___ :: ...,Other,,False,5,21,13,False,True,False,False,0,True,3.4,0,0.0,0.6190476190476191,False,False,False,False,False,True
10/22/1997,ENTERPRISE,Kirk : ___ :: ...,Other,,False,5,17,13,False,True,False,False,0,True,2.6,0,0.0,0.7647058823529411,False,False,True,False,False,True
8/14/1997,SAGEHEN,Indiana : Hoosier :: Nevada : ___,Other,,False,7,33,13,False,True,False,False,0,False,3.857142857142857,0,0.2857142857142857,0.3939393939393939,False,False,False,False,False,True
6/7/1997,PEE,Eta : aitch :: rho : ___,Other,,False,7,24,13,False,True,False,False,0,False,2.5714285714285716,0,0.0,0.5416666666666666,False,False,True,False,False,True
5/28/1997,HOOF,Dog : paw :: horse : ___,Other,,False,7,24,13,False,True,False,False,0,False,2.5714285714285716,0,0.0,0.5416666666666666,False,False,True,False,False,True
4/11/1997,AFGHANISTAN,Flemish : Belgium :: Pashto : ___,Other,,False,7,33,13,False,True,False,False,0,False,3.857142857142857,0,0.2857142857142857,0.3939393939393939,False,False,False,False,False,True
6/30/1996,RAINCOAT,Waterproof: England::___:U.S.,Other,,False,2,29,10,False,True,False,False,2,False,14.0,0,0.5,0.3448275862068966,False,False,True,False,False,True
3/15/1996,BART,M.T.A.: Boston::___: San Francisco,Other,,False,4,34,13,False,True,False,False,3,False,7.75,0,1.0,0.38235294117647056,False,False,True,False,False,True
2/24/1996,TOAD,Gaggle:goose::knot:___,Other,,False,1,22,7,False,True,False,False,0,False,22.0,0,0.0,0.3181818181818182,False,False,True,False,False,True
1/27/1996,REO,Regal: Buick:: Wolverine:___,Other,,False,3,28,9,False,True,False,False,0,False,8.666666666666666,0,0.6666666666666666,0.32142857142857145,False,False,False,False,False,True
12/24/1995,AXE,Oviform : egg :: dolabriform : ___,Other,,False,7,34,13,False,True,False,False,0,False,4.0,0,0.0,0.38235294117647056,False,False,True,False,False,True
10/3/1995,IDEA,Stars : pain :: light bulb : ___,Other,,False,8,32,14,False,True,False,False,0,False,3.125,0,0.0,0.4375,False,False,True,False,False,True
9/10/1995,UKRAINE,Lira:Italy::karbovanet:___,Other,,False,1,26,7,False,True,False,False,0,False,26.0,0,0.0,0.2692307692307692,False,False,False,False,True,True
5/14/1995,JAIL,Lift:elevator::bridewell:___,Other,,False,1,28,7,False,True,False,False,0,False,28.0,0,0.0,0.25,False,False,True,False,False,True
3/19/1995,ELK,Neigh:horse::bugle:___,Other,,False,1,22,7,False,True,False,False,0,False,22.0,0,0.0,0.3181818181818182,False,False,True,False,False,True
7/21/1994,PEAR,Egg : oval :: ___ : pyriform,Other,,False,7,28,13,False,True,False,False,0,False,3.142857142857143,0,0.0,0.4642857142857143,False,False,True,False,False,True
6/1/1994,TANGERINE,TANGIER: ___:: ...,Other,,False,3,18,11,False,True,False,False,0,True,5.333333333333333,0,0.0,0.6111111111111112,False,False,True,False,False,True
3/23/1994,CARAVAN,Truck : lorry :: trailer: ___,Other,,False,6,29,12,False,True,False,False,0,False,4.0,0,0.0,0.41379310344827586,False,False,True,False,False,True
2/13/1994,BERT,Oscar: Felix:: Ernie: ___,Other,,False,4,25,10,False,True,False,False,0,False,5.5,0,0.5,0.4,False,False,True,False,False,True
